{"buttonPresses":[{"buttonName":"Speak","timestamp":"3/10/2018 5:55:53 PM"},{"buttonName":"Edit","timestamp":"3/10/2018 5:55:54 PM"},{"buttonName":"Check","timestamp":"3/10/2018 5:56:13 PM"},{"buttonName":"Speak","timestamp":"3/10/2018 5:56:19 PM"},{"buttonName":"Edit","timestamp":"3/10/2018 5:56:19 PM"},{"buttonName":"Check","timestamp":"3/10/2018 5:56:37 PM"},{"buttonName":"Speak","timestamp":"3/10/2018 5:56:42 PM"},{"buttonName":"Check","timestamp":"3/10/2018 5:56:43 PM"},{"buttonName":"Speak","timestamp":"3/10/2018 5:56:51 PM"},{"buttonName":"Edit","timestamp":"3/10/2018 5:56:53 PM"},{"buttonName":"Check","timestamp":"3/10/2018 5:57:14 PM"},{"buttonName":"Speak","timestamp":"3/10/2018 5:57:20 PM"},{"buttonName":"Edit","timestamp":"3/10/2018 5:57:21 PM"},{"buttonName":"Check","timestamp":"3/10/2018 5:57:55 PM"},{"buttonName":"Speak","timestamp":"3/10/2018 5:58:02 PM"},{"buttonName":"Edit","timestamp":"3/10/2018 5:58:03 PM"},{"buttonName":"Check","timestamp":"3/10/2018 5:58:32 PM"},{"buttonName":"Speak","timestamp":"3/10/2018 5:58:37 PM"},{"buttonName":"Edit","timestamp":"3/10/2018 5:58:39 PM"},{"buttonName":"Check","timestamp":"3/10/2018 5:58:50 PM"},{"buttonName":"Speak","timestamp":"3/10/2018 5:58:54 PM"},{"buttonName":"Edit","timestamp":"3/10/2018 5:58:55 PM"},{"buttonName":"Check","timestamp":"3/10/2018 5:59:05 PM"},{"buttonName":"Speak","timestamp":"3/10/2018 5:59:10 PM"},{"buttonName":"Edit","timestamp":"3/10/2018 5:59:11 PM"},{"buttonName":"Check","timestamp":"3/10/2018 5:59:33 PM"},{"buttonName":"Speak","timestamp":"3/10/2018 5:59:39 PM"},{"buttonName":"Edit","timestamp":"3/10/2018 5:59:40 PM"},{"buttonName":"Check","timestamp":"3/10/2018 6:00:03 PM"},{"buttonName":"Speak","timestamp":"3/10/2018 6:00:08 PM"},{"buttonName":"Edit","timestamp":"3/10/2018 6:00:09 PM"},{"buttonName":"Check","timestamp":"3/10/2018 6:00:38 PM"},{"buttonName":"Speak","timestamp":"3/10/2018 6:00:44 PM"},{"buttonName":"Edit","timestamp":"3/10/2018 6:00:45 PM"},{"buttonName":"Check","timestamp":"3/10/2018 6:01:12 PM"},{"buttonName":"Speak","timestamp":"3/10/2018 6:01:18 PM"},{"buttonName":"Edit","timestamp":"3/10/2018 6:01:18 PM"},{"buttonName":"Check","timestamp":"3/10/2018 6:01:30 PM"},{"buttonName":"Speak","timestamp":"3/10/2018 6:01:34 PM"},{"buttonName":"Edit","timestamp":"3/10/2018 6:01:35 PM"},{"buttonName":"Check","timestamp":"3/10/2018 6:01:59 PM"},{"buttonName":"Speak","timestamp":"3/10/2018 6:02:05 PM"},{"buttonName":"Edit","timestamp":"3/10/2018 6:02:05 PM"},{"buttonName":"Check","timestamp":"3/10/2018 6:02:46 PM"},{"buttonName":"Speak","timestamp":"3/10/2018 6:02:51 PM"},{"buttonName":"Edit","timestamp":"3/10/2018 6:02:52 PM"},{"buttonName":"Check","timestamp":"3/10/2018 6:03:25 PM"},{"buttonName":"Speak","timestamp":"3/10/2018 6:03:29 PM"},{"buttonName":"Edit","timestamp":"3/10/2018 6:03:31 PM"},{"buttonName":"Check","timestamp":"3/10/2018 6:03:54 PM"},{"buttonName":"Reuse","timestamp":"3/10/2018 6:03:59 PM"},{"buttonName":"Check","timestamp":"3/10/2018 6:04:01 PM"},{"buttonName":"Speak","timestamp":"3/10/2018 6:04:07 PM"},{"buttonName":"Edit","timestamp":"3/10/2018 6:04:09 PM"},{"buttonName":"Check","timestamp":"3/10/2018 6:04:37 PM"},{"buttonName":"Speak","timestamp":"3/10/2018 6:04:41 PM"},{"buttonName":"Edit","timestamp":"3/10/2018 6:04:42 PM"},{"buttonName":"Check","timestamp":"3/10/2018 6:05:08 PM"},{"buttonName":"Reuse","timestamp":"3/10/2018 6:05:12 PM"},{"buttonName":"Check","timestamp":"3/10/2018 6:05:14 PM"},{"buttonName":"Speak","timestamp":"3/10/2018 6:05:20 PM"},{"buttonName":"Edit","timestamp":"3/10/2018 6:05:22 PM"},{"buttonName":"Check","timestamp":"3/10/2018 6:05:41 PM"},{"buttonName":"Speak","timestamp":"3/10/2018 6:05:46 PM"},{"buttonName":"Edit","timestamp":"3/10/2018 6:05:47 PM"},{"buttonName":"Check","timestamp":"3/10/2018 6:05:55 PM"},{"buttonName":"Speak","timestamp":"3/10/2018 6:06:00 PM"},{"buttonName":"Edit","timestamp":"3/10/2018 6:06:02 PM"},{"buttonName":"Check","timestamp":"3/10/2018 6:06:08 PM"},{"buttonName":"Reuse","timestamp":"3/10/2018 6:06:13 PM"},{"buttonName":"Check","timestamp":"3/10/2018 6:06:14 PM"},{"buttonName":"Reuse","timestamp":"3/10/2018 6:06:19 PM"},{"buttonName":"Check","timestamp":"3/10/2018 6:06:20 PM"},{"buttonName":"Reuse","timestamp":"3/10/2018 6:06:25 PM"},{"buttonName":"Check","timestamp":"3/10/2018 6:06:26 PM"},{"buttonName":"Speak","timestamp":"3/10/2018 6:06:32 PM"},{"buttonName":"Edit","timestamp":"3/10/2018 6:06:33 PM"},{"buttonName":"Check","timestamp":"3/10/2018 6:07:00 PM"},{"buttonName":"Speak","timestamp":"3/10/2018 6:07:05 PM"},{"buttonName":"Edit","timestamp":"3/10/2018 6:07:09 PM"},{"buttonName":"Check","timestamp":"3/10/2018 6:07:28 PM"},{"buttonName":"Speak","timestamp":"3/10/2018 6:07:33 PM"},{"buttonName":"Edit","timestamp":"3/10/2018 6:07:34 PM"},{"buttonName":"Check","timestamp":"3/10/2018 6:08:30 PM"},{"buttonName":"Speak","timestamp":"3/10/2018 6:08:35 PM"},{"buttonName":"Edit","timestamp":"3/10/2018 6:08:37 PM"},{"buttonName":"Check","timestamp":"3/10/2018 6:08:49 PM"},{"buttonName":"Reuse","timestamp":"3/10/2018 6:08:53 PM"},{"buttonName":"Check","timestamp":"3/10/2018 6:08:54 PM"},{"buttonName":"Speak","timestamp":"3/10/2018 6:08:59 PM"},{"buttonName":"Reuse","timestamp":"3/10/2018 6:09:01 PM"},{"buttonName":"Check","timestamp":"3/10/2018 6:09:03 PM"},{"buttonName":"Reuse","timestamp":"3/10/2018 6:09:07 PM"},{"buttonName":"Check","timestamp":"3/10/2018 6:09:08 PM"},{"buttonName":"Reuse","timestamp":"3/10/2018 6:09:13 PM"},{"buttonName":"Check","timestamp":"3/10/2018 6:09:15 PM"},{"buttonName":"Speak","timestamp":"3/10/2018 6:09:20 PM"},{"buttonName":"Edit","timestamp":"3/10/2018 6:09:20 PM"},{"buttonName":"Check","timestamp":"3/10/2018 6:09:51 PM"},{"buttonName":"Speak","timestamp":"3/10/2018 6:09:55 PM"},{"buttonName":"Edit","timestamp":"3/10/2018 6:09:57 PM"},{"buttonName":"Check","timestamp":"3/10/2018 6:10:01 PM"},{"buttonName":"Reuse","timestamp":"3/10/2018 6:10:13 PM"},{"buttonName":"Check","timestamp":"3/10/2018 6:10:15 PM"},{"buttonName":"Reuse","timestamp":"3/10/2018 6:10:19 PM"},{"buttonName":"Check","timestamp":"3/10/2018 6:10:21 PM"},{"buttonName":"Speak","timestamp":"3/10/2018 6:10:28 PM"},{"buttonName":"Edit","timestamp":"3/10/2018 6:10:28 PM"},{"buttonName":"Check","timestamp":"3/10/2018 6:10:38 PM"},{"buttonName":"Speak","timestamp":"3/10/2018 6:10:44 PM"},{"buttonName":"Edit","timestamp":"3/10/2018 6:10:47 PM"},{"buttonName":"Check","timestamp":"3/10/2018 6:11:07 PM"},{"buttonName":"Speak","timestamp":"3/10/2018 6:11:15 PM"},{"buttonName":"Edit","timestamp":"3/10/2018 6:11:19 PM"},{"buttonName":"Check","timestamp":"3/10/2018 6:11:47 PM"},{"buttonName":"Speak","timestamp":"3/10/2018 6:11:51 PM"},{"buttonName":"Edit","timestamp":"3/10/2018 6:11:53 PM"},{"buttonName":"Check","timestamp":"3/10/2018 6:12:17 PM"},{"buttonName":"Speak","timestamp":"3/10/2018 6:12:24 PM"},{"buttonName":"Edit","timestamp":"3/10/2018 6:12:25 PM"},{"buttonName":"Check","timestamp":"3/10/2018 6:12:32 PM"},{"buttonName":"Speak","timestamp":"3/10/2018 6:12:40 PM"},{"buttonName":"Edit","timestamp":"3/10/2018 6:12:42 PM"},{"buttonName":"Check","timestamp":"3/10/2018 6:12:59 PM"},{"buttonName":"Speak","timestamp":"3/10/2018 6:13:06 PM"},{"buttonName":"Edit","timestamp":"3/10/2018 6:13:06 PM"},{"buttonName":"Check","timestamp":"3/10/2018 6:13:19 PM"},{"buttonName":"Speak","timestamp":"3/10/2018 6:13:24 PM"},{"buttonName":"Edit","timestamp":"3/10/2018 6:13:25 PM"},{"buttonName":"Check","timestamp":"3/10/2018 6:13:45 PM"},{"buttonName":"Speak","timestamp":"3/10/2018 6:13:51 PM"},{"buttonName":"Edit","timestamp":"3/10/2018 6:13:51 PM"},{"buttonName":"Check","timestamp":"3/10/2018 6:14:12 PM"},{"buttonName":"Continue","timestamp":"3/10/2018 6:14:15 PM"},{"buttonName":"Start Replay","timestamp":"3/10/2018 6:14:16 PM"},{"buttonName":"Forward","timestamp":"3/10/2018 6:14:18 PM"},{"buttonName":"Forward","timestamp":"3/10/2018 6:14:18 PM"},{"buttonName":"Forward","timestamp":"3/10/2018 6:14:19 PM"},{"buttonName":"Forward","timestamp":"3/10/2018 6:14:19 PM"},{"buttonName":"Forward","timestamp":"3/10/2018 6:14:19 PM"},{"buttonName":"Forward","timestamp":"3/10/2018 6:14:20 PM"},{"buttonName":"Forward","timestamp":"3/10/2018 6:14:20 PM"},{"buttonName":"Forward","timestamp":"3/10/2018 6:14:20 PM"},{"buttonName":"Forward","timestamp":"3/10/2018 6:14:20 PM"},{"buttonName":"Forward","timestamp":"3/10/2018 6:14:20 PM"},{"buttonName":"Forward","timestamp":"3/10/2018 6:14:21 PM"},{"buttonName":"Forward","timestamp":"3/10/2018 6:14:21 PM"},{"buttonName":"Forward","timestamp":"3/10/2018 6:14:21 PM"},{"buttonName":"Forward","timestamp":"3/10/2018 6:14:22 PM"},{"buttonName":"Forward","timestamp":"3/10/2018 6:14:22 PM"},{"buttonName":"Forward","timestamp":"3/10/2018 6:14:22 PM"},{"buttonName":"Forward","timestamp":"3/10/2018 6:14:22 PM"},{"buttonName":"Forward","timestamp":"3/10/2018 6:14:23 PM"},{"buttonName":"Forward","timestamp":"3/10/2018 6:14:23 PM"},{"buttonName":"Forward","timestamp":"3/10/2018 6:14:23 PM"},{"buttonName":"Forward","timestamp":"3/10/2018 6:14:24 PM"},{"buttonName":"Forward","timestamp":"3/10/2018 6:14:24 PM"},{"buttonName":"Forward","timestamp":"3/10/2018 6:14:24 PM"},{"buttonName":"Forward","timestamp":"3/10/2018 6:14:24 PM"},{"buttonName":"Forward","timestamp":"3/10/2018 6:14:24 PM"},{"buttonName":"Forward","timestamp":"3/10/2018 6:14:25 PM"},{"buttonName":"Forward","timestamp":"3/10/2018 6:14:25 PM"},{"buttonName":"Forward","timestamp":"3/10/2018 6:14:25 PM"},{"buttonName":"Forward","timestamp":"3/10/2018 6:14:25 PM"},{"buttonName":"Forward","timestamp":"3/10/2018 6:14:26 PM"},{"buttonName":"Forward","timestamp":"3/10/2018 6:14:26 PM"},{"buttonName":"Forward","timestamp":"3/10/2018 6:14:26 PM"},{"buttonName":"Forward","timestamp":"3/10/2018 6:14:26 PM"},{"buttonName":"Forward","timestamp":"3/10/2018 6:14:27 PM"},{"buttonName":"Forward","timestamp":"3/10/2018 6:14:27 PM"},{"buttonName":"Forward","timestamp":"3/10/2018 6:14:27 PM"},{"buttonName":"Forward","timestamp":"3/10/2018 6:14:27 PM"},{"buttonName":"Forward","timestamp":"3/10/2018 6:14:27 PM"},{"buttonName":"Forward","timestamp":"3/10/2018 6:14:28 PM"},{"buttonName":"Forward","timestamp":"3/10/2018 6:14:28 PM"},{"buttonName":"Forward","timestamp":"3/10/2018 6:14:29 PM"},{"buttonName":"Forward","timestamp":"3/10/2018 6:14:29 PM"},{"buttonName":"Forward","timestamp":"3/10/2018 6:14:29 PM"},{"buttonName":"Forward","timestamp":"3/10/2018 6:14:29 PM"},{"buttonName":"Forward","timestamp":"3/10/2018 6:14:30 PM"},{"buttonName":"Forward","timestamp":"3/10/2018 6:14:30 PM"},{"buttonName":"Forward","timestamp":"3/10/2018 6:14:30 PM"},{"buttonName":"Forward","timestamp":"3/10/2018 6:14:31 PM"}],"displayStates":[{"frogPosition":{"x":240.0,"y":400.0},"carStates":[{"position":{"x":20.0,"y":309.0},"carType":0},{"position":{"x":20.0,"y":369.0},"carType":0},{"position":{"x":20.0,"y":249.0},"carType":0},{"position":{"x":20.0,"y":189.0},"carType":0},{"position":{"x":482.0,"y":339.0},"carType":0},{"position":{"x":482.0,"y":219.0},"carType":0},{"position":{"x":482.0,"y":279.0},"carType":0}],"logPositions":[{"x":1.0,"y":130.0},{"x":485.0,"y":100.0},{"x":1.0,"y":70.0}],"savedFrogPositions":[],"numLives":3,"topTunnelLight":false,"bottomTunnelLight":false},{"frogPosition":{"x":240.0,"y":400.0},"carStates":[{"position":{"x":202.0,"y":309.0},"carType":0},{"position":{"x":111.0,"y":369.0},"carType":0},{"position":{"x":293.0,"y":249.0},"carType":0},{"position":{"x":202.0,"y":189.0},"carType":0},{"position":{"x":209.0,"y":339.0},"carType":0},{"position":{"x":391.0,"y":219.0},"carType":0},{"position":{"x":300.0,"y":279.0},"carType":0}],"logPositions":[{"x":92.0,"y":130.0},{"x":303.0,"y":100.0},{"x":274.0,"y":70.0}],"savedFrogPositions":[],"numLives":3,"topTunnelLight":false,"bottomTunnelLight":true},{"frogPosition":{"x":240.0,"y":370.0},"carStates":[{"position":{"x":204.0,"y":309.0},"carType":0},{"position":{"x":112.0,"y":369.0},"carType":0},{"position":{"x":296.0,"y":249.0},"carType":0},{"position":{"x":204.0,"y":189.0},"carType":0},{"position":{"x":206.0,"y":339.0},"carType":0},{"position":{"x":390.0,"y":219.0},"carType":0},{"position":{"x":298.0,"y":279.0},"carType":0}],"logPositions":[{"x":93.0,"y":130.0},{"x":301.0,"y":100.0},{"x":277.0,"y":70.0}],"savedFrogPositions":[],"numLives":3,"topTunnelLight":true,"bottomTunnelLight":false},{"frogPosition":{"x":240.0,"y":370.0},"carStates":[{"position":{"x":282.0,"y":309.0},"carType":0},{"position":{"x":151.0,"y":369.0},"carType":0},{"position":{"x":413.0,"y":249.0},"carType":0},{"position":{"x":282.0,"y":189.0},"carType":0},{"position":{"x":89.0,"y":339.0},"carType":0},{"position":{"x":351.0,"y":219.0},"carType":0},{"position":{"x":220.0,"y":279.0},"carType":0}],"logPositions":[{"x":132.0,"y":130.0},{"x":223.0,"y":100.0},{"x":394.0,"y":70.0}],"savedFrogPositions":[],"numLives":3,"topTunnelLight":false,"bottomTunnelLight":true},{"frogPosition":{"x":240.0,"y":340.0},"carStates":[{"position":{"x":284.0,"y":309.0},"carType":0},{"position":{"x":152.0,"y":369.0},"carType":0},{"position":{"x":416.0,"y":249.0},"carType":0},{"position":{"x":284.0,"y":189.0},"carType":0},{"position":{"x":86.0,"y":339.0},"carType":0},{"position":{"x":350.0,"y":219.0},"carType":0},{"position":{"x":218.0,"y":279.0},"carType":0}],"logPositions":[{"x":133.0,"y":130.0},{"x":221.0,"y":100.0},{"x":397.0,"y":70.0}],"savedFrogPositions":[],"numLives":3,"topTunnelLight":true,"bottomTunnelLight":false},{"frogPosition":{"x":240.0,"y":340.0},"carStates":[{"position":{"x":332.0,"y":309.0},"carType":0},{"position":{"x":176.0,"y":369.0},"carType":0},{"position":{"x":-78.5,"y":249.0},"carType":1},{"position":{"x":332.0,"y":189.0},"carType":0},{"position":{"x":580.5,"y":339.0},"carType":1},{"position":{"x":326.0,"y":219.0},"carType":0},{"position":{"x":170.0,"y":279.0},"carType":0}],"logPositions":[{"x":157.0,"y":130.0},{"x":173.0,"y":100.0},{"x":469.0,"y":70.0}],"savedFrogPositions":[],"numLives":3,"topTunnelLight":false,"bottomTunnelLight":false},{"frogPosition":{"x":240.0,"y":310.0},"carStates":[{"position":{"x":334.0,"y":309.0},"carType":0},{"position":{"x":177.0,"y":369.0},"carType":0},{"position":{"x":-78.0,"y":249.0},"carType":1},{"position":{"x":334.0,"y":189.0},"carType":0},{"position":{"x":580.0,"y":339.0},"carType":1},{"position":{"x":325.0,"y":219.0},"carType":0},{"position":{"x":168.0,"y":279.0},"carType":0}],"logPositions":[{"x":158.0,"y":130.0},{"x":171.0,"y":100.0},{"x":472.0,"y":70.0}],"savedFrogPositions":[],"numLives":3,"topTunnelLight":false,"bottomTunnelLight":false},{"frogPosition":{"x":240.0,"y":310.0},"carStates":[{"position":{"x":90.0,"y":309.0},"carType":1},{"position":{"x":318.0,"y":369.0},"carType":0},{"position":{"x":-7.5,"y":249.0},"carType":1},{"position":{"x":90.0,"y":189.0},"carType":1},{"position":{"x":509.5,"y":339.0},"carType":1},{"position":{"x":184.0,"y":219.0},"carType":0},{"position":{"x":412.0,"y":279.0},"carType":1}],"logPositions":[{"x":299.0,"y":130.0},{"x":482.5,"y":100.0},{"x":104.0,"y":70.0}],"savedFrogPositions":[],"numLives":3,"topTunnelLight":false,"bottomTunnelLight":false},{"frogPosition":{"x":265.0,"y":310.0},"carStates":[{"position":{"x":92.5,"y":309.0},"carType":1},{"position":{"x":319.0,"y":369.0},"carType":0},{"position":{"x":-7.0,"y":249.0},"carType":1},{"position":{"x":92.5,"y":189.0},"carType":1},{"position":{"x":509.0,"y":339.0},"carType":1},{"position":{"x":183.0,"y":219.0},"carType":0},{"position":{"x":409.5,"y":279.0},"carType":1}],"logPositions":[{"x":300.0,"y":130.0},{"x":482.0,"y":100.0},{"x":105.5,"y":70.0}],"savedFrogPositions":[],"numLives":3,"topTunnelLight":false,"bottomTunnelLight":false},{"frogPosition":{"x":265.0,"y":310.0},"carStates":[{"position":{"x":125.0,"y":309.0},"carType":1},{"position":{"x":332.0,"y":369.0},"carType":0},{"position":{"x":-0.5,"y":249.0},"carType":1},{"position":{"x":125.0,"y":189.0},"carType":1},{"position":{"x":502.5,"y":339.0},"carType":1},{"position":{"x":170.0,"y":219.0},"carType":0},{"position":{"x":377.0,"y":279.0},"carType":1}],"logPositions":[{"x":313.0,"y":130.0},{"x":475.5,"y":100.0},{"x":125.0,"y":70.0}],"savedFrogPositions":[],"numLives":3,"topTunnelLight":true,"bottomTunnelLight":false},{"frogPosition":{"x":265.0,"y":340.0},"carStates":[{"position":{"x":127.5,"y":309.0},"carType":1},{"position":{"x":333.0,"y":369.0},"carType":0},{"position":{"x":0.0,"y":249.0},"carType":1},{"position":{"x":127.5,"y":189.0},"carType":1},{"position":{"x":502.0,"y":339.0},"carType":1},{"position":{"x":169.0,"y":219.0},"carType":0},{"position":{"x":374.5,"y":279.0},"carType":1}],"logPositions":[{"x":314.0,"y":130.0},{"x":475.0,"y":100.0},{"x":126.5,"y":70.0}],"savedFrogPositions":[],"numLives":3,"topTunnelLight":true,"bottomTunnelLight":false},{"frogPosition":{"x":265.0,"y":340.0},"carStates":[{"position":{"x":307.5,"y":309.0},"carType":1},{"position":{"x":405.0,"y":369.0},"carType":0},{"position":{"x":36.0,"y":249.0},"carType":1},{"position":{"x":307.5,"y":189.0},"carType":1},{"position":{"x":466.0,"y":339.0},"carType":1},{"position":{"x":97.0,"y":219.0},"carType":0},{"position":{"x":194.5,"y":279.0},"carType":1}],"logPositions":[{"x":386.0,"y":130.0},{"x":439.0,"y":100.0},{"x":234.5,"y":70.0}],"savedFrogPositions":[],"numLives":3,"topTunnelLight":false,"bottomTunnelLight":true},{"frogPosition":{"x":265.0,"y":310.0},"carStates":[{"position":{"x":310.0,"y":309.0},"carType":1},{"position":{"x":406.0,"y":369.0},"carType":0},{"position":{"x":36.5,"y":249.0},"carType":1},{"position":{"x":310.0,"y":189.0},"carType":1},{"position":{"x":465.5,"y":339.0},"carType":1},{"position":{"x":96.0,"y":219.0},"carType":0},{"position":{"x":192.0,"y":279.0},"carType":1}],"logPositions":[{"x":387.0,"y":130.0},{"x":438.5,"y":100.0},{"x":236.0,"y":70.0}],"savedFrogPositions":[],"numLives":3,"topTunnelLight":false,"bottomTunnelLight":true},{"frogPosition":{"x":265.0,"y":310.0},"carStates":[{"position":{"x":377.5,"y":309.0},"carType":1},{"position":{"x":433.0,"y":369.0},"carType":0},{"position":{"x":50.0,"y":249.0},"carType":1},{"position":{"x":377.5,"y":189.0},"carType":1},{"position":{"x":452.0,"y":339.0},"carType":1},{"position":{"x":69.0,"y":219.0},"carType":0},{"position":{"x":124.5,"y":279.0},"carType":1}],"logPositions":[{"x":414.0,"y":130.0},{"x":425.0,"y":100.0},{"x":276.5,"y":70.0}],"savedFrogPositions":[],"numLives":3,"topTunnelLight":false,"bottomTunnelLight":false},{"frogPosition":{"x":290.0,"y":310.0},"carStates":[{"position":{"x":380.0,"y":309.0},"carType":1},{"position":{"x":434.0,"y":369.0},"carType":0},{"position":{"x":50.5,"y":249.0},"carType":1},{"position":{"x":380.0,"y":189.0},"carType":1},{"position":{"x":451.5,"y":339.0},"carType":1},{"position":{"x":68.0,"y":219.0},"carType":0},{"position":{"x":122.0,"y":279.0},"carType":1}],"logPositions":[{"x":415.0,"y":130.0},{"x":424.5,"y":100.0},{"x":278.0,"y":70.0}],"savedFrogPositions":[],"numLives":3,"topTunnelLight":false,"bottomTunnelLight":false},{"frogPosition":{"x":290.0,"y":310.0},"carStates":[{"position":{"x":417.5,"y":309.0},"carType":1},{"position":{"x":449.0,"y":369.0},"carType":0},{"position":{"x":58.0,"y":249.0},"carType":1},{"position":{"x":417.5,"y":189.0},"carType":1},{"position":{"x":444.0,"y":339.0},"carType":1},{"position":{"x":53.0,"y":219.0},"carType":0},{"position":{"x":84.5,"y":279.0},"carType":1}],"logPositions":[{"x":430.0,"y":130.0},{"x":417.0,"y":100.0},{"x":300.5,"y":70.0}],"savedFrogPositions":[],"numLives":3,"topTunnelLight":false,"bottomTunnelLight":false},{"frogPosition":{"x":315.0,"y":310.0},"carStates":[{"position":{"x":420.0,"y":309.0},"carType":1},{"position":{"x":450.0,"y":369.0},"carType":0},{"position":{"x":58.5,"y":249.0},"carType":1},{"position":{"x":420.0,"y":189.0},"carType":1},{"position":{"x":443.5,"y":339.0},"carType":1},{"position":{"x":52.0,"y":219.0},"carType":0},{"position":{"x":82.0,"y":279.0},"carType":1}],"logPositions":[{"x":431.0,"y":130.0},{"x":416.5,"y":100.0},{"x":302.0,"y":70.0}],"savedFrogPositions":[],"numLives":3,"topTunnelLight":false,"bottomTunnelLight":false},{"frogPosition":{"x":315.0,"y":310.0},"carStates":[{"position":{"x":460.0,"y":309.0},"carType":1},{"position":{"x":466.0,"y":369.0},"carType":0},{"position":{"x":66.5,"y":249.0},"carType":1},{"position":{"x":460.0,"y":189.0},"carType":1},{"position":{"x":435.5,"y":339.0},"carType":1},{"position":{"x":36.0,"y":219.0},"carType":0},{"position":{"x":42.0,"y":279.0},"carType":1}],"logPositions":[{"x":447.0,"y":130.0},{"x":408.5,"y":100.0},{"x":326.0,"y":70.0}],"savedFrogPositions":[],"numLives":3,"topTunnelLight":false,"bottomTunnelLight":false},{"frogPosition":{"x":340.0,"y":310.0},"carStates":[{"position":{"x":462.5,"y":309.0},"carType":1},{"position":{"x":467.0,"y":369.0},"carType":0},{"position":{"x":67.0,"y":249.0},"carType":1},{"position":{"x":462.5,"y":189.0},"carType":1},{"position":{"x":435.0,"y":339.0},"carType":1},{"position":{"x":35.0,"y":219.0},"carType":0},{"position":{"x":39.5,"y":279.0},"carType":1}],"logPositions":[{"x":448.0,"y":130.0},{"x":408.0,"y":100.0},{"x":327.5,"y":70.0}],"savedFrogPositions":[],"numLives":3,"topTunnelLight":false,"bottomTunnelLight":false},{"frogPosition":{"x":340.0,"y":310.0},"carStates":[{"position":{"x":-15.0,"y":309.0},"carType":0},{"position":{"x":480.0,"y":369.0},"carType":0},{"position":{"x":73.5,"y":249.0},"carType":1},{"position":{"x":-15.0,"y":189.0},"carType":0},{"position":{"x":428.5,"y":339.0},"carType":1},{"position":{"x":22.0,"y":219.0},"carType":0},{"position":{"x":517.0,"y":279.0},"carType":0}],"logPositions":[{"x":461.0,"y":130.0},{"x":401.5,"y":100.0},{"x":347.0,"y":70.0}],"savedFrogPositions":[],"numLives":3,"topTunnelLight":false,"bottomTunnelLight":false},{"frogPosition":{"x":340.0,"y":280.0},"carStates":[{"position":{"x":-12.0,"y":309.0},"carType":0},{"position":{"x":481.0,"y":369.0},"carType":0},{"position":{"x":74.0,"y":249.0},"carType":1},{"position":{"x":-12.0,"y":189.0},"carType":0},{"position":{"x":428.0,"y":339.0},"carType":1},{"position":{"x":21.0,"y":219.0},"carType":0},{"position":{"x":514.0,"y":279.0},"carType":0}],"logPositions":[{"x":462.0,"y":130.0},{"x":401.0,"y":100.0},{"x":348.5,"y":70.0}],"savedFrogPositions":[],"numLives":3,"topTunnelLight":false,"bottomTunnelLight":false},{"frogPosition":{"x":340.0,"y":280.0},"carStates":[{"position":{"x":3.0,"y":309.0},"carType":0},{"position":{"x":-72.5,"y":369.0},"carType":1},{"position":{"x":76.5,"y":249.0},"carType":1},{"position":{"x":3.0,"y":189.0},"carType":0},{"position":{"x":425.5,"y":339.0},"carType":1},{"position":{"x":574.5,"y":219.0},"carType":1},{"position":{"x":499.0,"y":279.0},"carType":0}],"logPositions":[{"x":467.0,"y":130.0},{"x":398.5,"y":100.0},{"x":356.0,"y":70.0}],"savedFrogPositions":[],"numLives":3,"topTunnelLight":false,"bottomTunnelLight":false},{"frogPosition":{"x":340.0,"y":250.0},"carStates":[{"position":{"x":6.0,"y":309.0},"carType":0},{"position":{"x":-71.0,"y":369.0},"carType":1},{"position":{"x":77.0,"y":249.0},"carType":1},{"position":{"x":6.0,"y":189.0},"carType":0},{"position":{"x":425.0,"y":339.0},"carType":1},{"position":{"x":573.0,"y":219.0},"carType":1},{"position":{"x":496.0,"y":279.0},"carType":0}],"logPositions":[{"x":468.0,"y":130.0},{"x":398.0,"y":100.0},{"x":357.5,"y":70.0}],"savedFrogPositions":[],"numLives":3,"topTunnelLight":false,"bottomTunnelLight":false},{"frogPosition":{"x":340.0,"y":250.0},"carStates":[{"position":{"x":225.0,"y":309.0},"carType":0},{"position":{"x":38.5,"y":369.0},"carType":1},{"position":{"x":113.5,"y":249.0},"carType":1},{"position":{"x":225.0,"y":189.0},"carType":0},{"position":{"x":388.5,"y":339.0},"carType":1},{"position":{"x":463.5,"y":219.0},"carType":1},{"position":{"x":277.0,"y":279.0},"carType":0}],"logPositions":[{"x":-16.0,"y":130.0},{"x":361.5,"y":100.0},{"x":467.0,"y":70.0}],"savedFrogPositions":[],"numLives":3,"topTunnelLight":false,"bottomTunnelLight":true},{"frogPosition":{"x":365.0,"y":250.0},"carStates":[{"position":{"x":228.0,"y":309.0},"carType":0},{"position":{"x":40.0,"y":369.0},"carType":1},{"position":{"x":114.0,"y":249.0},"carType":1},{"position":{"x":228.0,"y":189.0},"carType":0},{"position":{"x":388.0,"y":339.0},"carType":1},{"position":{"x":462.0,"y":219.0},"carType":1},{"position":{"x":274.0,"y":279.0},"carType":0}],"logPositions":[{"x":-14.5,"y":130.0},{"x":361.0,"y":100.0},{"x":468.5,"y":70.0}],"savedFrogPositions":[],"numLives":3,"topTunnelLight":false,"bottomTunnelLight":true},{"frogPosition":{"x":365.0,"y":250.0},"carStates":[{"position":{"x":411.0,"y":309.0},"carType":0},{"position":{"x":131.5,"y":369.0},"carType":1},{"position":{"x":144.5,"y":249.0},"carType":1},{"position":{"x":411.0,"y":189.0},"carType":0},{"position":{"x":357.5,"y":339.0},"carType":1},{"position":{"x":370.5,"y":219.0},"carType":1},{"position":{"x":91.0,"y":279.0},"carType":0}],"logPositions":[{"x":77.0,"y":130.0},{"x":330.5,"y":100.0},{"x":0.0,"y":70.0}],"savedFrogPositions":[],"numLives":3,"topTunnelLight":false,"bottomTunnelLight":false},{"frogPosition":{"x":390.0,"y":250.0},"carStates":[{"position":{"x":414.0,"y":309.0},"carType":0},{"position":{"x":133.0,"y":369.0},"carType":1},{"position":{"x":145.0,"y":249.0},"carType":1},{"position":{"x":414.0,"y":189.0},"carType":0},{"position":{"x":357.0,"y":339.0},"carType":1},{"position":{"x":369.0,"y":219.0},"carType":1},{"position":{"x":88.0,"y":279.0},"carType":0}],"logPositions":[{"x":78.5,"y":130.0},{"x":330.0,"y":100.0},{"x":2.0,"y":70.0}],"savedFrogPositions":[],"numLives":3,"topTunnelLight":false,"bottomTunnelLight":false},{"frogPosition":{"x":390.0,"y":250.0},"carStates":[{"position":{"x":468.0,"y":309.0},"carType":0},{"position":{"x":160.0,"y":369.0},"carType":1},{"position":{"x":154.0,"y":249.0},"carType":1},{"position":{"x":468.0,"y":189.0},"carType":0},{"position":{"x":348.0,"y":339.0},"carType":1},{"position":{"x":342.0,"y":219.0},"carType":1},{"position":{"x":34.0,"y":279.0},"carType":0}],"logPositions":[{"x":105.5,"y":130.0},{"x":321.0,"y":100.0},{"x":38.0,"y":70.0}],"savedFrogPositions":[],"numLives":3,"topTunnelLight":false,"bottomTunnelLight":false},{"frogPosition":{"x":390.0,"y":220.0},"carStates":[{"position":{"x":471.0,"y":309.0},"carType":0},{"position":{"x":161.5,"y":369.0},"carType":1},{"position":{"x":154.5,"y":249.0},"carType":1},{"position":{"x":471.0,"y":189.0},"carType":0},{"position":{"x":347.5,"y":339.0},"carType":1},{"position":{"x":340.5,"y":219.0},"carType":1},{"position":{"x":31.0,"y":279.0},"carType":0}],"logPositions":[{"x":107.0,"y":130.0},{"x":320.5,"y":100.0},{"x":40.0,"y":70.0}],"savedFrogPositions":[],"numLives":3,"topTunnelLight":false,"bottomTunnelLight":false},{"frogPosition":{"x":390.0,"y":220.0},"carStates":[{"position":{"x":-73.0,"y":309.0},"carType":1},{"position":{"x":187.0,"y":369.0},"carType":1},{"position":{"x":163.0,"y":249.0},"carType":1},{"position":{"x":-73.0,"y":189.0},"carType":1},{"position":{"x":339.0,"y":339.0},"carType":1},{"position":{"x":315.0,"y":219.0},"carType":1},{"position":{"x":575.0,"y":279.0},"carType":1}],"logPositions":[{"x":132.5,"y":130.0},{"x":312.0,"y":100.0},{"x":74.0,"y":70.0}],"savedFrogPositions":[],"numLives":3,"topTunnelLight":false,"bottomTunnelLight":false},{"frogPosition":{"x":390.0,"y":190.0},"carStates":[{"position":{"x":-72.5,"y":309.0},"carType":1},{"position":{"x":188.5,"y":369.0},"carType":1},{"position":{"x":163.5,"y":249.0},"carType":1},{"position":{"x":-72.5,"y":189.0},"carType":1},{"position":{"x":338.5,"y":339.0},"carType":1},{"position":{"x":313.5,"y":219.0},"carType":1},{"position":{"x":574.5,"y":279.0},"carType":1}],"logPositions":[{"x":134.0,"y":130.0},{"x":311.5,"y":100.0},{"x":76.0,"y":70.0}],"savedFrogPositions":[],"numLives":3,"topTunnelLight":false,"bottomTunnelLight":false},{"frogPosition":{"x":390.0,"y":190.0},"carStates":[{"position":{"x":-60.5,"y":309.0},"carType":1},{"position":{"x":224.5,"y":369.0},"carType":1},{"position":{"x":175.5,"y":249.0},"carType":1},{"position":{"x":-60.5,"y":189.0},"carType":1},{"position":{"x":326.5,"y":339.0},"carType":1},{"position":{"x":277.5,"y":219.0},"carType":1},{"position":{"x":562.5,"y":279.0},"carType":1}],"logPositions":[{"x":170.0,"y":130.0},{"x":299.5,"y":100.0},{"x":124.0,"y":70.0}],"savedFrogPositions":[],"numLives":3,"topTunnelLight":false,"bottomTunnelLight":false},{"frogPosition":{"x":390.0,"y":160.0},"carStates":[{"position":{"x":-60.0,"y":309.0},"carType":1},{"position":{"x":226.0,"y":369.0},"carType":1},{"position":{"x":176.0,"y":249.0},"carType":1},{"position":{"x":-60.0,"y":189.0},"carType":1},{"position":{"x":326.0,"y":339.0},"carType":1},{"position":{"x":276.0,"y":219.0},"carType":1},{"position":{"x":562.0,"y":279.0},"carType":1}],"logPositions":[{"x":171.5,"y":130.0},{"x":299.0,"y":100.0},{"x":126.0,"y":70.0}],"savedFrogPositions":[],"numLives":3,"topTunnelLight":false,"bottomTunnelLight":false},{"frogPosition":{"x":390.0,"y":160.0},"carStates":[{"position":{"x":-49.5,"y":309.0},"carType":1},{"position":{"x":257.5,"y":369.0},"carType":1},{"position":{"x":186.5,"y":249.0},"carType":1},{"position":{"x":-49.5,"y":189.0},"carType":1},{"position":{"x":315.5,"y":339.0},"carType":1},{"position":{"x":244.5,"y":219.0},"carType":1},{"position":{"x":551.5,"y":279.0},"carType":1}],"logPositions":[{"x":203.0,"y":130.0},{"x":288.5,"y":100.0},{"x":168.0,"y":70.0}],"savedFrogPositions":[],"numLives":3,"topTunnelLight":false,"bottomTunnelLight":false},{"frogPosition":{"x":365.0,"y":160.0},"carStates":[{"position":{"x":-49.0,"y":309.0},"carType":1},{"position":{"x":259.0,"y":369.0},"carType":1},{"position":{"x":187.0,"y":249.0},"carType":1},{"position":{"x":-49.0,"y":189.0},"carType":1},{"position":{"x":315.0,"y":339.0},"carType":1},{"position":{"x":243.0,"y":219.0},"carType":1},{"position":{"x":551.0,"y":279.0},"carType":1}],"logPositions":[{"x":204.5,"y":130.0},{"x":288.0,"y":100.0},{"x":170.0,"y":70.0}],"savedFrogPositions":[],"numLives":3,"topTunnelLight":false,"bottomTunnelLight":false},{"frogPosition":{"x":365.0,"y":160.0},"carStates":[{"position":{"x":-37.5,"y":309.0},"carType":1},{"position":{"x":293.5,"y":369.0},"carType":1},{"position":{"x":198.5,"y":249.0},"carType":1},{"position":{"x":-37.5,"y":189.0},"carType":1},{"position":{"x":303.5,"y":339.0},"carType":1},{"position":{"x":208.5,"y":219.0},"carType":1},{"position":{"x":539.5,"y":279.0},"carType":1}],"logPositions":[{"x":239.0,"y":130.0},{"x":276.5,"y":100.0},{"x":216.0,"y":70.0}],"savedFrogPositions":[],"numLives":3,"topTunnelLight":false,"bottomTunnelLight":false},{"frogPosition":{"x":340.0,"y":160.0},"carStates":[{"position":{"x":-37.0,"y":309.0},"carType":1},{"position":{"x":295.0,"y":369.0},"carType":1},{"position":{"x":199.0,"y":249.0},"carType":1},{"position":{"x":-37.0,"y":189.0},"carType":1},{"position":{"x":303.0,"y":339.0},"carType":1},{"position":{"x":207.0,"y":219.0},"carType":1},{"position":{"x":539.0,"y":279.0},"carType":1}],"logPositions":[{"x":240.5,"y":130.0},{"x":276.0,"y":100.0},{"x":218.0,"y":70.0}],"savedFrogPositions":[],"numLives":3,"topTunnelLight":false,"bottomTunnelLight":false},{"frogPosition":{"x":340.0,"y":160.0},"carStates":[{"position":{"x":-22.0,"y":309.0},"carType":1},{"position":{"x":340.0,"y":369.0},"carType":1},{"position":{"x":214.0,"y":249.0},"carType":1},{"position":{"x":-22.0,"y":189.0},"carType":1},{"position":{"x":288.0,"y":339.0},"carType":1},{"position":{"x":162.0,"y":219.0},"carType":1},{"position":{"x":524.0,"y":279.0},"carType":1}],"logPositions":[{"x":285.5,"y":130.0},{"x":261.0,"y":100.0},{"x":278.0,"y":70.0}],"savedFrogPositions":[],"numLives":3,"topTunnelLight":false,"bottomTunnelLight":false},{"frogPosition":{"x":340.0,"y":130.0},"carStates":[{"position":{"x":-21.5,"y":309.0},"carType":1},{"position":{"x":341.5,"y":369.0},"carType":1},{"position":{"x":214.5,"y":249.0},"carType":1},{"position":{"x":-21.5,"y":189.0},"carType":1},{"position":{"x":287.5,"y":339.0},"carType":1},{"position":{"x":160.5,"y":219.0},"carType":1},{"position":{"x":523.5,"y":279.0},"carType":1}],"logPositions":[{"x":287.0,"y":130.0},{"x":260.5,"y":100.0},{"x":280.0,"y":70.0}],"savedFrogPositions":[],"numLives":3,"topTunnelLight":false,"bottomTunnelLight":false},{"frogPosition":{"x":370.0,"y":130.0},"carStates":[{"position":{"x":-12.0,"y":309.0},"carType":1},{"position":{"x":370.0,"y":369.0},"carType":1},{"position":{"x":224.0,"y":249.0},"carType":1},{"position":{"x":-12.0,"y":189.0},"carType":1},{"position":{"x":278.0,"y":339.0},"carType":1},{"position":{"x":132.0,"y":219.0},"carType":1},{"position":{"x":514.0,"y":279.0},"carType":1}],"logPositions":[{"x":315.5,"y":130.0},{"x":251.0,"y":100.0},{"x":318.0,"y":70.0}],"savedFrogPositions":[],"numLives":3,"topTunnelLight":false,"bottomTunnelLight":false},{"frogPosition":{"x":345.0,"y":130.0},"carStates":[{"position":{"x":-11.5,"y":309.0},"carType":1},{"position":{"x":371.5,"y":369.0},"carType":1},{"position":{"x":224.5,"y":249.0},"carType":1},{"position":{"x":-11.5,"y":189.0},"carType":1},{"position":{"x":277.5,"y":339.0},"carType":1},{"position":{"x":130.5,"y":219.0},"carType":1},{"position":{"x":513.5,"y":279.0},"carType":1}],"logPositions":[{"x":317.0,"y":130.0},{"x":250.5,"y":100.0},{"x":320.0,"y":70.0}],"savedFrogPositions":[],"numLives":3,"topTunnelLight":false,"bottomTunnelLight":false},{"frogPosition":{"x":379.5,"y":130.0},"carStates":[{"position":{"x":-0.5,"y":309.0},"carType":1},{"position":{"x":404.5,"y":369.0},"carType":1},{"position":{"x":235.5,"y":249.0},"carType":1},{"position":{"x":-0.5,"y":189.0},"carType":1},{"position":{"x":266.5,"y":339.0},"carType":1},{"position":{"x":97.5,"y":219.0},"carType":1},{"position":{"x":502.5,"y":279.0},"carType":1}],"logPositions":[{"x":350.0,"y":130.0},{"x":239.5,"y":100.0},{"x":364.0,"y":70.0}],"savedFrogPositions":[],"numLives":3,"topTunnelLight":false,"bottomTunnelLight":false},{"frogPosition":{"x":354.5,"y":130.0},"carStates":[{"position":{"x":0.0,"y":309.0},"carType":1},{"position":{"x":406.0,"y":369.0},"carType":1},{"position":{"x":236.0,"y":249.0},"carType":1},{"position":{"x":0.0,"y":189.0},"carType":1},{"position":{"x":266.0,"y":339.0},"carType":1},{"position":{"x":96.0,"y":219.0},"carType":1},{"position":{"x":502.0,"y":279.0},"carType":1}],"logPositions":[{"x":351.5,"y":130.0},{"x":239.0,"y":100.0},{"x":366.0,"y":70.0}],"savedFrogPositions":[],"numLives":3,"topTunnelLight":false,"bottomTunnelLight":false},{"frogPosition":{"x":441.5,"y":130.0},"carStates":[{"position":{"x":28.5,"y":309.0},"carType":1},{"position":{"x":-18.0,"y":369.0},"carType":0},{"position":{"x":264.5,"y":249.0},"carType":1},{"position":{"x":28.5,"y":189.0},"carType":1},{"position":{"x":237.5,"y":339.0},"carType":1},{"position":{"x":520.0,"y":219.0},"carType":0},{"position":{"x":473.5,"y":279.0},"carType":1}],"logPositions":[{"x":437.0,"y":130.0},{"x":210.5,"y":100.0},{"x":480.0,"y":70.0}],"savedFrogPositions":[],"numLives":3,"topTunnelLight":false,"bottomTunnelLight":false},{"frogPosition":{"x":441.5,"y":160.0},"carStates":[{"position":{"x":29.0,"y":309.0},"carType":1},{"position":{"x":-16.0,"y":369.0},"carType":0},{"position":{"x":265.0,"y":249.0},"carType":1},{"position":{"x":29.0,"y":189.0},"carType":1},{"position":{"x":237.0,"y":339.0},"carType":1},{"position":{"x":518.0,"y":219.0},"carType":0},{"position":{"x":473.0,"y":279.0},"carType":1}],"logPositions":[{"x":438.5,"y":130.0},{"x":210.0,"y":100.0},{"x":482.0,"y":70.0}],"savedFrogPositions":[],"numLives":3,"topTunnelLight":false,"bottomTunnelLight":false},{"frogPosition":{"x":441.5,"y":160.0},"carStates":[{"position":{"x":42.5,"y":309.0},"carType":1},{"position":{"x":38.0,"y":369.0},"carType":0},{"position":{"x":278.5,"y":249.0},"carType":1},{"position":{"x":42.5,"y":189.0},"carType":1},{"position":{"x":223.5,"y":339.0},"carType":1},{"position":{"x":464.0,"y":219.0},"carType":0},{"position":{"x":459.5,"y":279.0},"carType":1}],"logPositions":[{"x":479.0,"y":130.0},{"x":196.5,"y":100.0},{"x":-87.5,"y":70.0}],"savedFrogPositions":[],"numLives":3,"topTunnelLight":false,"bottomTunnelLight":false},{"frogPosition":{"x":416.5,"y":160.0},"carStates":[{"position":{"x":43.0,"y":309.0},"carType":1},{"position":{"x":40.0,"y":369.0},"carType":0},{"position":{"x":279.0,"y":249.0},"carType":1},{"position":{"x":43.0,"y":189.0},"carType":1},{"position":{"x":223.0,"y":339.0},"carType":1},{"position":{"x":462.0,"y":219.0},"carType":0},{"position":{"x":459.0,"y":279.0},"carType":1}],"logPositions":[{"x":480.5,"y":130.0},{"x":196.0,"y":100.0},{"x":-87.0,"y":70.0}],"savedFrogPositions":[],"numLives":3,"topTunnelLight":false,"bottomTunnelLight":false},{"frogPosition":{"x":416.5,"y":160.0},"carStates":[{"position":{"x":47.5,"y":309.0},"carType":1},{"position":{"x":58.0,"y":369.0},"carType":0},{"position":{"x":283.5,"y":249.0},"carType":1},{"position":{"x":47.5,"y":189.0},"carType":1},{"position":{"x":218.5,"y":339.0},"carType":1},{"position":{"x":444.0,"y":219.0},"carType":0},{"position":{"x":454.5,"y":279.0},"carType":1}],"logPositions":[{"x":-88.0,"y":130.0},{"x":191.5,"y":100.0},{"x":-82.5,"y":70.0}],"savedFrogPositions":[],"numLives":3,"topTunnelLight":false,"bottomTunnelLight":false},{"frogPosition":{"x":391.5,"y":160.0},"carStates":[{"position":{"x":48.0,"y":309.0},"carType":1},{"position":{"x":60.0,"y":369.0},"carType":0},{"position":{"x":284.0,"y":249.0},"carType":1},{"position":{"x":48.0,"y":189.0},"carType":1},{"position":{"x":218.0,"y":339.0},"carType":1},{"position":{"x":442.0,"y":219.0},"carType":0},{"position":{"x":454.0,"y":279.0},"carType":1}],"logPositions":[{"x":-86.0,"y":130.0},{"x":191.0,"y":100.0},{"x":-82.0,"y":70.0}],"savedFrogPositions":[],"numLives":3,"topTunnelLight":false,"bottomTunnelLight":false},{"frogPosition":{"x":391.5,"y":160.0},"carStates":[{"position":{"x":53.5,"y":309.0},"carType":1},{"position":{"x":82.0,"y":369.0},"carType":0},{"position":{"x":289.5,"y":249.0},"carType":1},{"position":{"x":53.5,"y":189.0},"carType":1},{"position":{"x":212.5,"y":339.0},"carType":1},{"position":{"x":420.0,"y":219.0},"carType":0},{"position":{"x":448.5,"y":279.0},"carType":1}],"logPositions":[{"x":-64.0,"y":130.0},{"x":185.5,"y":100.0},{"x":-76.5,"y":70.0}],"savedFrogPositions":[],"numLives":3,"topTunnelLight":false,"bottomTunnelLight":false},{"frogPosition":{"x":366.5,"y":160.0},"carStates":[{"position":{"x":54.0,"y":309.0},"carType":1},{"position":{"x":84.0,"y":369.0},"carType":0},{"position":{"x":290.0,"y":249.0},"carType":1},{"position":{"x":54.0,"y":189.0},"carType":1},{"position":{"x":212.0,"y":339.0},"carType":1},{"position":{"x":418.0,"y":219.0},"carType":0},{"position":{"x":448.0,"y":279.0},"carType":1}],"logPositions":[{"x":-62.0,"y":130.0},{"x":185.0,"y":100.0},{"x":-76.0,"y":70.0}],"savedFrogPositions":[],"numLives":3,"topTunnelLight":false,"bottomTunnelLight":false},{"frogPosition":{"x":366.5,"y":160.0},"carStates":[{"position":{"x":61.5,"y":309.0},"carType":1},{"position":{"x":114.0,"y":369.0},"carType":0},{"position":{"x":297.5,"y":249.0},"carType":1},{"position":{"x":61.5,"y":189.0},"carType":1},{"position":{"x":204.5,"y":339.0},"carType":1},{"position":{"x":388.0,"y":219.0},"carType":0},{"position":{"x":440.5,"y":279.0},"carType":1}],"logPositions":[{"x":-32.0,"y":130.0},{"x":177.5,"y":100.0},{"x":-68.5,"y":70.0}],"savedFrogPositions":[],"numLives":3,"topTunnelLight":false,"bottomTunnelLight":false},{"frogPosition":{"x":341.5,"y":160.0},"carStates":[{"position":{"x":62.0,"y":309.0},"carType":1},{"position":{"x":116.0,"y":369.0},"carType":0},{"position":{"x":298.0,"y":249.0},"carType":1},{"position":{"x":62.0,"y":189.0},"carType":1},{"position":{"x":204.0,"y":339.0},"carType":1},{"position":{"x":386.0,"y":219.0},"carType":0},{"position":{"x":440.0,"y":279.0},"carType":1}],"logPositions":[{"x":-30.0,"y":130.0},{"x":177.0,"y":100.0},{"x":-68.0,"y":70.0}],"savedFrogPositions":[],"numLives":3,"topTunnelLight":false,"bottomTunnelLight":false},{"frogPosition":{"x":341.5,"y":160.0},"carStates":[{"position":{"x":69.0,"y":309.0},"carType":1},{"position":{"x":144.0,"y":369.0},"carType":0},{"position":{"x":305.0,"y":249.0},"carType":1},{"position":{"x":69.0,"y":189.0},"carType":1},{"position":{"x":197.0,"y":339.0},"carType":1},{"position":{"x":358.0,"y":219.0},"carType":0},{"position":{"x":433.0,"y":279.0},"carType":1}],"logPositions":[{"x":-2.0,"y":130.0},{"x":170.0,"y":100.0},{"x":-61.0,"y":70.0}],"savedFrogPositions":[],"numLives":3,"topTunnelLight":false,"bottomTunnelLight":false},{"frogPosition":{"x":316.5,"y":160.0},"carStates":[{"position":{"x":69.5,"y":309.0},"carType":1},{"position":{"x":146.0,"y":369.0},"carType":0},{"position":{"x":305.5,"y":249.0},"carType":1},{"position":{"x":69.5,"y":189.0},"carType":1},{"position":{"x":196.5,"y":339.0},"carType":1},{"position":{"x":356.0,"y":219.0},"carType":0},{"position":{"x":432.5,"y":279.0},"carType":1}],"logPositions":[{"x":0.0,"y":130.0},{"x":169.5,"y":100.0},{"x":-60.5,"y":70.0}],"savedFrogPositions":[],"numLives":3,"topTunnelLight":false,"bottomTunnelLight":false},{"frogPosition":{"x":316.5,"y":160.0},"carStates":[{"position":{"x":130.5,"y":309.0},"carType":1},{"position":{"x":390.0,"y":369.0},"carType":0},{"position":{"x":366.5,"y":249.0},"carType":1},{"position":{"x":130.5,"y":189.0},"carType":1},{"position":{"x":135.5,"y":339.0},"carType":1},{"position":{"x":112.0,"y":219.0},"carType":0},{"position":{"x":371.5,"y":279.0},"carType":1}],"logPositions":[{"x":244.0,"y":130.0},{"x":108.5,"y":100.0},{"x":0.5,"y":70.0}],"savedFrogPositions":[],"numLives":3,"topTunnelLight":true,"bottomTunnelLight":false},{"frogPosition":{"x":316.5,"y":130.0},"carStates":[{"position":{"x":131.0,"y":309.0},"carType":1},{"position":{"x":392.0,"y":369.0},"carType":0},{"position":{"x":367.0,"y":249.0},"carType":1},{"position":{"x":131.0,"y":189.0},"carType":1},{"position":{"x":135.0,"y":339.0},"carType":1},{"position":{"x":110.0,"y":219.0},"carType":0},{"position":{"x":371.0,"y":279.0},"carType":1}],"logPositions":[{"x":246.0,"y":130.0},{"x":108.0,"y":100.0},{"x":1.0,"y":70.0}],"savedFrogPositions":[],"numLives":3,"topTunnelLight":true,"bottomTunnelLight":false},{"frogPosition":{"x":352.5,"y":130.0},"carStates":[{"position":{"x":139.5,"y":309.0},"carType":1},{"position":{"x":426.0,"y":369.0},"carType":0},{"position":{"x":375.5,"y":249.0},"carType":1},{"position":{"x":139.5,"y":189.0},"carType":1},{"position":{"x":126.5,"y":339.0},"carType":1},{"position":{"x":76.0,"y":219.0},"carType":0},{"position":{"x":362.5,"y":279.0},"carType":1}],"logPositions":[{"x":280.0,"y":130.0},{"x":99.5,"y":100.0},{"x":9.5,"y":70.0}],"savedFrogPositions":[],"numLives":3,"topTunnelLight":false,"bottomTunnelLight":true},{"frogPosition":{"x":327.5,"y":130.0},"carStates":[{"position":{"x":140.0,"y":309.0},"carType":1},{"position":{"x":428.0,"y":369.0},"carType":0},{"position":{"x":376.0,"y":249.0},"carType":1},{"position":{"x":140.0,"y":189.0},"carType":1},{"position":{"x":126.0,"y":339.0},"carType":1},{"position":{"x":74.0,"y":219.0},"carType":0},{"position":{"x":362.0,"y":279.0},"carType":1}],"logPositions":[{"x":282.0,"y":130.0},{"x":99.0,"y":100.0},{"x":10.0,"y":70.0}],"savedFrogPositions":[],"numLives":3,"topTunnelLight":false,"bottomTunnelLight":true},{"frogPosition":{"x":355.5,"y":130.0},"carStates":[{"position":{"x":146.5,"y":309.0},"carType":1},{"position":{"x":454.0,"y":369.0},"carType":0},{"position":{"x":382.5,"y":249.0},"carType":1},{"position":{"x":146.5,"y":189.0},"carType":1},{"position":{"x":119.5,"y":339.0},"carType":1},{"position":{"x":48.0,"y":219.0},"carType":0},{"position":{"x":355.5,"y":279.0},"carType":1}],"logPositions":[{"x":308.0,"y":130.0},{"x":92.5,"y":100.0},{"x":16.5,"y":70.0}],"savedFrogPositions":[],"numLives":3,"topTunnelLight":true,"bottomTunnelLight":false},{"frogPosition":{"x":355.5,"y":160.0},"carStates":[{"position":{"x":147.0,"y":309.0},"carType":1},{"position":{"x":456.0,"y":369.0},"carType":0},{"position":{"x":383.0,"y":249.0},"carType":1},{"position":{"x":147.0,"y":189.0},"carType":1},{"position":{"x":119.0,"y":339.0},"carType":1},{"position":{"x":46.0,"y":219.0},"carType":0},{"position":{"x":355.0,"y":279.0},"carType":1}],"logPositions":[{"x":310.0,"y":130.0},{"x":92.0,"y":100.0},{"x":17.0,"y":70.0}],"savedFrogPositions":[],"numLives":3,"topTunnelLight":true,"bottomTunnelLight":false},{"frogPosition":{"x":355.5,"y":160.0},"carStates":[{"position":{"x":153.5,"y":309.0},"carType":1},{"position":{"x":482.0,"y":369.0},"carType":0},{"position":{"x":389.5,"y":249.0},"carType":1},{"position":{"x":153.5,"y":189.0},"carType":1},{"position":{"x":112.5,"y":339.0},"carType":1},{"position":{"x":20.0,"y":219.0},"carType":0},{"position":{"x":348.5,"y":279.0},"carType":1}],"logPositions":[{"x":336.0,"y":130.0},{"x":85.5,"y":100.0},{"x":23.5,"y":70.0}],"savedFrogPositions":[],"numLives":3,"topTunnelLight":false,"bottomTunnelLight":true},{"frogPosition":{"x":330.5,"y":160.0},"carStates":[{"position":{"x":154.0,"y":309.0},"carType":1},{"position":{"x":-75.0,"y":369.0},"carType":1},{"position":{"x":390.0,"y":249.0},"carType":1},{"position":{"x":154.0,"y":189.0},"carType":1},{"position":{"x":112.0,"y":339.0},"carType":1},{"position":{"x":577.0,"y":219.0},"carType":1},{"position":{"x":348.0,"y":279.0},"carType":1}],"logPositions":[{"x":338.0,"y":130.0},{"x":85.0,"y":100.0},{"x":24.0,"y":70.0}],"savedFrogPositions":[],"numLives":3,"topTunnelLight":false,"bottomTunnelLight":true},{"frogPosition":{"x":330.5,"y":160.0},"carStates":[{"position":{"x":164.0,"y":309.0},"carType":1},{"position":{"x":-25.0,"y":369.0},"carType":1},{"position":{"x":400.0,"y":249.0},"carType":1},{"position":{"x":164.0,"y":189.0},"carType":1},{"position":{"x":102.0,"y":339.0},"carType":1},{"position":{"x":527.0,"y":219.0},"carType":1},{"position":{"x":338.0,"y":279.0},"carType":1}],"logPositions":[{"x":378.0,"y":130.0},{"x":75.0,"y":100.0},{"x":34.0,"y":70.0}],"savedFrogPositions":[],"numLives":3,"topTunnelLight":true,"bottomTunnelLight":false},{"frogPosition":{"x":305.5,"y":160.0},"carStates":[{"position":{"x":164.5,"y":309.0},"carType":1},{"position":{"x":-22.5,"y":369.0},"carType":1},{"position":{"x":400.5,"y":249.0},"carType":1},{"position":{"x":164.5,"y":189.0},"carType":1},{"position":{"x":101.5,"y":339.0},"carType":1},{"position":{"x":524.5,"y":219.0},"carType":1},{"position":{"x":337.5,"y":279.0},"carType":1}],"logPositions":[{"x":380.0,"y":130.0},{"x":74.5,"y":100.0},{"x":34.5,"y":70.0}],"savedFrogPositions":[],"numLives":3,"topTunnelLight":true,"bottomTunnelLight":false},{"frogPosition":{"x":305.5,"y":160.0},"carStates":[{"position":{"x":171.5,"y":309.0},"carType":1},{"position":{"x":12.5,"y":369.0},"carType":1},{"position":{"x":407.5,"y":249.0},"carType":1},{"position":{"x":171.5,"y":189.0},"carType":1},{"position":{"x":94.5,"y":339.0},"carType":1},{"position":{"x":489.5,"y":219.0},"carType":1},{"position":{"x":330.5,"y":279.0},"carType":1}],"logPositions":[{"x":408.0,"y":130.0},{"x":67.5,"y":100.0},{"x":41.5,"y":70.0}],"savedFrogPositions":[],"numLives":3,"topTunnelLight":true,"bottomTunnelLight":false},{"frogPosition":{"x":280.5,"y":160.0},"carStates":[{"position":{"x":172.0,"y":309.0},"carType":1},{"position":{"x":15.0,"y":369.0},"carType":1},{"position":{"x":408.0,"y":249.0},"carType":1},{"position":{"x":172.0,"y":189.0},"carType":1},{"position":{"x":94.0,"y":339.0},"carType":1},{"position":{"x":487.0,"y":219.0},"carType":1},{"position":{"x":330.0,"y":279.0},"carType":1}],"logPositions":[{"x":410.0,"y":130.0},{"x":67.0,"y":100.0},{"x":42.0,"y":70.0}],"savedFrogPositions":[],"numLives":3,"topTunnelLight":true,"bottomTunnelLight":false},{"frogPosition":{"x":280.5,"y":160.0},"carStates":[{"position":{"x":175.5,"y":309.0},"carType":1},{"position":{"x":32.5,"y":369.0},"carType":1},{"position":{"x":411.5,"y":249.0},"carType":1},{"position":{"x":175.5,"y":189.0},"carType":1},{"position":{"x":90.5,"y":339.0},"carType":1},{"position":{"x":469.5,"y":219.0},"carType":1},{"position":{"x":326.5,"y":279.0},"carType":1}],"logPositions":[{"x":424.0,"y":130.0},{"x":63.5,"y":100.0},{"x":45.5,"y":70.0}],"savedFrogPositions":[],"numLives":3,"topTunnelLight":false,"bottomTunnelLight":true},{"frogPosition":{"x":255.5,"y":160.0},"carStates":[{"position":{"x":176.0,"y":309.0},"carType":1},{"position":{"x":35.0,"y":369.0},"carType":1},{"position":{"x":412.0,"y":249.0},"carType":1},{"position":{"x":176.0,"y":189.0},"carType":1},{"position":{"x":90.0,"y":339.0},"carType":1},{"position":{"x":467.0,"y":219.0},"carType":1},{"position":{"x":326.0,"y":279.0},"carType":1}],"logPositions":[{"x":426.0,"y":130.0},{"x":63.0,"y":100.0},{"x":46.0,"y":70.0}],"savedFrogPositions":[],"numLives":3,"topTunnelLight":false,"bottomTunnelLight":true},{"frogPosition":{"x":255.5,"y":160.0},"carStates":[{"position":{"x":183.5,"y":309.0},"carType":1},{"position":{"x":72.5,"y":369.0},"carType":1},{"position":{"x":419.5,"y":249.0},"carType":1},{"position":{"x":183.5,"y":189.0},"carType":1},{"position":{"x":82.5,"y":339.0},"carType":1},{"position":{"x":429.5,"y":219.0},"carType":1},{"position":{"x":318.5,"y":279.0},"carType":1}],"logPositions":[{"x":456.0,"y":130.0},{"x":55.5,"y":100.0},{"x":53.5,"y":70.0}],"savedFrogPositions":[],"numLives":3,"topTunnelLight":true,"bottomTunnelLight":false},{"frogPosition":{"x":230.5,"y":160.0},"carStates":[{"position":{"x":184.0,"y":309.0},"carType":1},{"position":{"x":75.0,"y":369.0},"carType":1},{"position":{"x":420.0,"y":249.0},"carType":1},{"position":{"x":184.0,"y":189.0},"carType":1},{"position":{"x":82.0,"y":339.0},"carType":1},{"position":{"x":427.0,"y":219.0},"carType":1},{"position":{"x":318.0,"y":279.0},"carType":1}],"logPositions":[{"x":458.0,"y":130.0},{"x":55.0,"y":100.0},{"x":54.0,"y":70.0}],"savedFrogPositions":[],"numLives":3,"topTunnelLight":true,"bottomTunnelLight":false},{"frogPosition":{"x":230.5,"y":160.0},"carStates":[{"position":{"x":193.0,"y":309.0},"carType":1},{"position":{"x":120.0,"y":369.0},"carType":1},{"position":{"x":429.0,"y":249.0},"carType":1},{"position":{"x":193.0,"y":189.0},"carType":1},{"position":{"x":73.0,"y":339.0},"carType":1},{"position":{"x":382.0,"y":219.0},"carType":1},{"position":{"x":309.0,"y":279.0},"carType":1}],"logPositions":[{"x":-98.0,"y":130.0},{"x":46.0,"y":100.0},{"x":63.0,"y":70.0}],"savedFrogPositions":[],"numLives":3,"topTunnelLight":false,"bottomTunnelLight":true},{"frogPosition":{"x":205.5,"y":160.0},"carStates":[{"position":{"x":193.5,"y":309.0},"carType":1},{"position":{"x":122.5,"y":369.0},"carType":1},{"position":{"x":429.5,"y":249.0},"carType":1},{"position":{"x":193.5,"y":189.0},"carType":1},{"position":{"x":72.5,"y":339.0},"carType":1},{"position":{"x":379.5,"y":219.0},"carType":1},{"position":{"x":308.5,"y":279.0},"carType":1}],"logPositions":[{"x":-97.5,"y":130.0},{"x":45.5,"y":100.0},{"x":63.5,"y":70.0}],"savedFrogPositions":[],"numLives":3,"topTunnelLight":false,"bottomTunnelLight":true},{"frogPosition":{"x":205.5,"y":160.0},"carStates":[{"position":{"x":200.5,"y":309.0},"carType":1},{"position":{"x":157.5,"y":369.0},"carType":1},{"position":{"x":436.5,"y":249.0},"carType":1},{"position":{"x":200.5,"y":189.0},"carType":1},{"position":{"x":65.5,"y":339.0},"carType":1},{"position":{"x":344.5,"y":219.0},"carType":1},{"position":{"x":301.5,"y":279.0},"carType":1}],"logPositions":[{"x":-90.5,"y":130.0},{"x":38.5,"y":100.0},{"x":70.5,"y":70.0}],"savedFrogPositions":[],"numLives":3,"topTunnelLight":false,"bottomTunnelLight":true},{"frogPosition":{"x":180.5,"y":160.0},"carStates":[{"position":{"x":201.0,"y":309.0},"carType":1},{"position":{"x":160.0,"y":369.0},"carType":1},{"position":{"x":437.0,"y":249.0},"carType":1},{"position":{"x":201.0,"y":189.0},"carType":1},{"position":{"x":65.0,"y":339.0},"carType":1},{"position":{"x":342.0,"y":219.0},"carType":1},{"position":{"x":301.0,"y":279.0},"carType":1}],"logPositions":[{"x":-90.0,"y":130.0},{"x":38.0,"y":100.0},{"x":71.0,"y":70.0}],"savedFrogPositions":[],"numLives":3,"topTunnelLight":false,"bottomTunnelLight":true},{"frogPosition":{"x":180.5,"y":160.0},"carStates":[{"position":{"x":233.5,"y":309.0},"carType":1},{"position":{"x":322.5,"y":369.0},"carType":1},{"position":{"x":469.5,"y":249.0},"carType":1},{"position":{"x":233.5,"y":189.0},"carType":1},{"position":{"x":32.5,"y":339.0},"carType":1},{"position":{"x":179.5,"y":219.0},"carType":1},{"position":{"x":268.5,"y":279.0},"carType":1}],"logPositions":[{"x":-57.5,"y":130.0},{"x":5.5,"y":100.0},{"x":103.5,"y":70.0}],"savedFrogPositions":[],"numLives":3,"topTunnelLight":false,"bottomTunnelLight":true},{"frogPosition":{"x":155.5,"y":160.0},"carStates":[{"position":{"x":234.0,"y":309.0},"carType":1},{"position":{"x":325.0,"y":369.0},"carType":1},{"position":{"x":470.0,"y":249.0},"carType":1},{"position":{"x":234.0,"y":189.0},"carType":1},{"position":{"x":32.0,"y":339.0},"carType":1},{"position":{"x":177.0,"y":219.0},"carType":1},{"position":{"x":268.0,"y":279.0},"carType":1}],"logPositions":[{"x":-57.0,"y":130.0},{"x":5.0,"y":100.0},{"x":104.0,"y":70.0}],"savedFrogPositions":[],"numLives":3,"topTunnelLight":false,"bottomTunnelLight":true},{"frogPosition":{"x":155.5,"y":160.0},"carStates":[{"position":{"x":246.5,"y":309.0},"carType":1},{"position":{"x":387.5,"y":369.0},"carType":1},{"position":{"x":-29.0,"y":249.0},"carType":0},{"position":{"x":246.5,"y":189.0},"carType":1},{"position":{"x":531.0,"y":339.0},"carType":0},{"position":{"x":114.5,"y":219.0},"carType":1},{"position":{"x":255.5,"y":279.0},"carType":1}],"logPositions":[{"x":-44.5,"y":130.0},{"x":-7.5,"y":100.0},{"x":116.5,"y":70.0}],"savedFrogPositions":[],"numLives":3,"topTunnelLight":true,"bottomTunnelLight":false},{"frogPosition":{"x":130.5,"y":160.0},"carStates":[{"position":{"x":247.0,"y":309.0},"carType":1},{"position":{"x":390.0,"y":369.0},"carType":1},{"position":{"x":-28.0,"y":249.0},"carType":0},{"position":{"x":247.0,"y":189.0},"carType":1},{"position":{"x":530.0,"y":339.0},"carType":0},{"position":{"x":112.0,"y":219.0},"carType":1},{"position":{"x":255.0,"y":279.0},"carType":1}],"logPositions":[{"x":-44.0,"y":130.0},{"x":-8.0,"y":100.0},{"x":117.0,"y":70.0}],"savedFrogPositions":[],"numLives":3,"topTunnelLight":true,"bottomTunnelLight":false},{"frogPosition":{"x":130.5,"y":160.0},"carStates":[{"position":{"x":337.0,"y":309.0},"carType":1},{"position":{"x":399.0,"y":369.0},"carType":0},{"position":{"x":152.0,"y":249.0},"carType":0},{"position":{"x":337.0,"y":189.0},"carType":1},{"position":{"x":350.0,"y":339.0},"carType":0},{"position":{"x":103.0,"y":219.0},"carType":0},{"position":{"x":165.0,"y":279.0},"carType":1}],"logPositions":[{"x":46.0,"y":130.0},{"x":-98.0,"y":100.0},{"x":207.0,"y":70.0}],"savedFrogPositions":[],"numLives":3,"topTunnelLight":false,"bottomTunnelLight":false},{"frogPosition":{"x":130.5,"y":160.0},"carStates":[{"position":{"x":337.5,"y":309.0},"carType":1},{"position":{"x":402.0,"y":369.0},"carType":0},{"position":{"x":153.0,"y":249.0},"carType":0},{"position":{"x":337.5,"y":189.0},"carType":1},{"position":{"x":349.0,"y":339.0},"carType":0},{"position":{"x":100.0,"y":219.0},"carType":0},{"position":{"x":164.5,"y":279.0},"carType":1}],"logPositions":[{"x":46.5,"y":130.0},{"x":-98.5,"y":100.0},{"x":207.5,"y":70.0}],"savedFrogPositions":[],"numLives":3,"topTunnelLight":false,"bottomTunnelLight":false},{"frogPosition":{"x":130.5,"y":160.0},"carStates":[{"position":{"x":364.0,"y":309.0},"carType":1},{"position":{"x":-66.5,"y":369.0},"carType":1},{"position":{"x":206.0,"y":249.0},"carType":0},{"position":{"x":364.0,"y":189.0},"carType":1},{"position":{"x":296.0,"y":339.0},"carType":0},{"position":{"x":568.5,"y":219.0},"carType":1},{"position":{"x":138.0,"y":279.0},"carType":1}],"logPositions":[{"x":73.0,"y":130.0},{"x":385.0,"y":100.0},{"x":234.0,"y":70.0}],"savedFrogPositions":[],"numLives":3,"topTunnelLight":false,"bottomTunnelLight":false},{"frogPosition":{"x":130.5,"y":130.0},"carStates":[{"position":{"x":364.5,"y":309.0},"carType":1},{"position":{"x":-66.0,"y":369.0},"carType":1},{"position":{"x":207.0,"y":249.0},"carType":0},{"position":{"x":364.5,"y":189.0},"carType":1},{"position":{"x":295.0,"y":339.0},"carType":0},{"position":{"x":568.0,"y":219.0},"carType":1},{"position":{"x":137.5,"y":279.0},"carType":1}],"logPositions":[{"x":73.5,"y":130.0},{"x":383.0,"y":100.0},{"x":234.5,"y":70.0}],"savedFrogPositions":[],"numLives":3,"topTunnelLight":false,"bottomTunnelLight":false},{"frogPosition":{"x":185.0,"y":130.0},"carStates":[{"position":{"x":418.5,"y":309.0},"carType":1},{"position":{"x":-12.0,"y":369.0},"carType":1},{"position":{"x":315.0,"y":249.0},"carType":0},{"position":{"x":418.5,"y":189.0},"carType":1},{"position":{"x":187.0,"y":339.0},"carType":0},{"position":{"x":514.0,"y":219.0},"carType":1},{"position":{"x":83.5,"y":279.0},"carType":1}],"logPositions":[{"x":127.5,"y":130.0},{"x":167.0,"y":100.0},{"x":288.5,"y":70.0}],"savedFrogPositions":[],"numLives":3,"topTunnelLight":false,"bottomTunnelLight":false},{"frogPosition":{"x":185.0,"y":100.0},"carStates":[{"position":{"x":419.0,"y":309.0},"carType":1},{"position":{"x":-11.5,"y":369.0},"carType":1},{"position":{"x":316.0,"y":249.0},"carType":0},{"position":{"x":419.0,"y":189.0},"carType":1},{"position":{"x":186.0,"y":339.0},"carType":0},{"position":{"x":513.5,"y":219.0},"carType":1},{"position":{"x":83.0,"y":279.0},"carType":1}],"logPositions":[{"x":128.0,"y":130.0},{"x":165.0,"y":100.0},{"x":289.0,"y":70.0}],"savedFrogPositions":[],"numLives":3,"topTunnelLight":false,"bottomTunnelLight":false},{"frogPosition":{"x":149.0,"y":100.0},"carStates":[{"position":{"x":427.5,"y":309.0},"carType":1},{"position":{"x":-3.0,"y":369.0},"carType":1},{"position":{"x":333.0,"y":249.0},"carType":0},{"position":{"x":427.5,"y":189.0},"carType":1},{"position":{"x":169.0,"y":339.0},"carType":0},{"position":{"x":505.0,"y":219.0},"carType":1},{"position":{"x":74.5,"y":279.0},"carType":1}],"logPositions":[{"x":136.5,"y":130.0},{"x":131.0,"y":100.0},{"x":297.5,"y":70.0}],"savedFrogPositions":[],"numLives":3,"topTunnelLight":false,"bottomTunnelLight":false},{"frogPosition":{"x":149.0,"y":130.0},"carStates":[{"position":{"x":428.0,"y":309.0},"carType":1},{"position":{"x":-2.5,"y":369.0},"carType":1},{"position":{"x":334.0,"y":249.0},"carType":0},{"position":{"x":428.0,"y":189.0},"carType":1},{"position":{"x":168.0,"y":339.0},"carType":0},{"position":{"x":504.5,"y":219.0},"carType":1},{"position":{"x":74.0,"y":279.0},"carType":1}],"logPositions":[{"x":137.0,"y":130.0},{"x":129.0,"y":100.0},{"x":298.0,"y":70.0}],"savedFrogPositions":[],"numLives":3,"topTunnelLight":false,"bottomTunnelLight":false},{"frogPosition":{"x":239.5,"y":130.0},"carStates":[{"position":{"x":42.0,"y":309.0},"carType":0},{"position":{"x":87.5,"y":369.0},"carType":1},{"position":{"x":-30.5,"y":249.0},"carType":1},{"position":{"x":42.0,"y":189.0},"carType":0},{"position":{"x":532.5,"y":339.0},"carType":1},{"position":{"x":414.5,"y":219.0},"carType":1},{"position":{"x":460.0,"y":279.0},"carType":0}],"logPositions":[{"x":227.0,"y":130.0},{"x":452.5,"y":100.0},{"x":388.0,"y":70.0}],"savedFrogPositions":[],"numLives":3,"topTunnelLight":false,"bottomTunnelLight":false},{"frogPosition":{"x":239.5,"y":130.0},"carStates":[{"position":{"x":43.0,"y":309.0},"carType":0},{"position":{"x":88.0,"y":369.0},"carType":1},{"position":{"x":-29.0,"y":249.0},"carType":1},{"position":{"x":43.0,"y":189.0},"carType":0},{"position":{"x":531.0,"y":339.0},"carType":1},{"position":{"x":414.0,"y":219.0},"carType":1},{"position":{"x":459.0,"y":279.0},"carType":0}],"logPositions":[{"x":227.5,"y":130.0},{"x":452.0,"y":100.0},{"x":388.5,"y":70.0}],"savedFrogPositions":[],"numLives":3,"topTunnelLight":false,"bottomTunnelLight":false},{"frogPosition":{"x":356.5,"y":130.0},"carStates":[{"position":{"x":276.0,"y":309.0},"carType":0},{"position":{"x":204.5,"y":369.0},"carType":1},{"position":{"x":320.5,"y":249.0},"carType":1},{"position":{"x":276.0,"y":189.0},"carType":0},{"position":{"x":181.5,"y":339.0},"carType":1},{"position":{"x":297.5,"y":219.0},"carType":1},{"position":{"x":226.0,"y":279.0},"carType":0}],"logPositions":[{"x":344.0,"y":130.0},{"x":335.5,"y":100.0},{"x":-60.0,"y":70.0}],"savedFrogPositions":[],"numLives":3,"topTunnelLight":false,"bottomTunnelLight":true},{"frogPosition":{"x":356.5,"y":100.0},"carStates":[{"position":{"x":277.0,"y":309.0},"carType":0},{"position":{"x":205.0,"y":369.0},"carType":1},{"position":{"x":322.0,"y":249.0},"carType":1},{"position":{"x":277.0,"y":189.0},"carType":0},{"position":{"x":180.0,"y":339.0},"carType":1},{"position":{"x":297.0,"y":219.0},"carType":1},{"position":{"x":225.0,"y":279.0},"carType":0}],"logPositions":[{"x":344.5,"y":130.0},{"x":335.0,"y":100.0},{"x":-59.0,"y":70.0}],"savedFrogPositions":[],"numLives":3,"topTunnelLight":false,"bottomTunnelLight":true},{"frogPosition":{"x":266.0,"y":100.0},"carStates":[{"position":{"x":457.0,"y":309.0},"carType":0},{"position":{"x":295.0,"y":369.0},"carType":1},{"position":{"x":116.0,"y":249.0},"carType":0},{"position":{"x":457.0,"y":189.0},"carType":0},{"position":{"x":386.0,"y":339.0},"carType":0},{"position":{"x":207.0,"y":219.0},"carType":1},{"position":{"x":45.0,"y":279.0},"carType":0}],"logPositions":[{"x":434.5,"y":130.0},{"x":245.0,"y":100.0},{"x":121.0,"y":70.0}],"savedFrogPositions":[],"numLives":3,"topTunnelLight":false,"bottomTunnelLight":false},{"frogPosition":{"x":266.0,"y":100.0},"carStates":[{"position":{"x":458.0,"y":309.0},"carType":0},{"position":{"x":295.5,"y":369.0},"carType":1},{"position":{"x":118.0,"y":249.0},"carType":0},{"position":{"x":458.0,"y":189.0},"carType":0},{"position":{"x":384.0,"y":339.0},"carType":0},{"position":{"x":206.5,"y":219.0},"carType":1},{"position":{"x":44.0,"y":279.0},"carType":0}],"logPositions":[{"x":435.0,"y":130.0},{"x":244.5,"y":100.0},{"x":122.0,"y":70.0}],"savedFrogPositions":[],"numLives":3,"topTunnelLight":false,"bottomTunnelLight":false},{"frogPosition":{"x":240.5,"y":100.0},"carStates":[{"position":{"x":-39.5,"y":309.0},"carType":1},{"position":{"x":320.5,"y":369.0},"carType":1},{"position":{"x":218.0,"y":249.0},"carType":0},{"position":{"x":-39.5,"y":189.0},"carType":1},{"position":{"x":284.0,"y":339.0},"carType":0},{"position":{"x":181.5,"y":219.0},"carType":1},{"position":{"x":541.5,"y":279.0},"carType":1}],"logPositions":[{"x":460.0,"y":130.0},{"x":219.5,"y":100.0},{"x":172.0,"y":70.0}],"savedFrogPositions":[],"numLives":3,"topTunnelLight":false,"bottomTunnelLight":false},{"frogPosition":{"x":240.5,"y":70.0},"carStates":[{"position":{"x":-38.0,"y":309.0},"carType":1},{"position":{"x":321.0,"y":369.0},"carType":1},{"position":{"x":220.0,"y":249.0},"carType":0},{"position":{"x":-38.0,"y":189.0},"carType":1},{"position":{"x":282.0,"y":339.0},"carType":0},{"position":{"x":181.0,"y":219.0},"carType":1},{"position":{"x":540.0,"y":279.0},"carType":1}],"logPositions":[{"x":460.5,"y":130.0},{"x":219.0,"y":100.0},{"x":173.0,"y":70.0}],"savedFrogPositions":[],"numLives":3,"topTunnelLight":false,"bottomTunnelLight":false},{"frogPosition":{"x":313.5,"y":70.0},"carStates":[{"position":{"x":70.0,"y":309.0},"carType":1},{"position":{"x":357.0,"y":369.0},"carType":1},{"position":{"x":364.0,"y":249.0},"carType":0},{"position":{"x":70.0,"y":189.0},"carType":1},{"position":{"x":138.0,"y":339.0},"carType":0},{"position":{"x":145.0,"y":219.0},"carType":1},{"position":{"x":432.0,"y":279.0},"carType":1}],"logPositions":[{"x":-77.0,"y":130.0},{"x":183.0,"y":100.0},{"x":245.0,"y":70.0}],"savedFrogPositions":[],"numLives":3,"topTunnelLight":false,"bottomTunnelLight":false},{"frogPosition":{"x":313.5,"y":40.0},"carStates":[{"position":{"x":71.5,"y":309.0},"carType":1},{"position":{"x":357.5,"y":369.0},"carType":1},{"position":{"x":366.0,"y":249.0},"carType":0},{"position":{"x":71.5,"y":189.0},"carType":1},{"position":{"x":136.0,"y":339.0},"carType":0},{"position":{"x":144.5,"y":219.0},"carType":1},{"position":{"x":430.5,"y":279.0},"carType":1}],"logPositions":[{"x":-76.0,"y":130.0},{"x":182.5,"y":100.0},{"x":246.0,"y":70.0}],"savedFrogPositions":[],"numLives":3,"topTunnelLight":false,"bottomTunnelLight":false},{"frogPosition":{"x":313.5,"y":40.0},"carStates":[{"position":{"x":71.5,"y":309.0},"carType":1},{"position":{"x":357.5,"y":369.0},"carType":1},{"position":{"x":366.0,"y":249.0},"carType":0},{"position":{"x":71.5,"y":189.0},"carType":1},{"position":{"x":136.0,"y":339.0},"carType":0},{"position":{"x":144.5,"y":219.0},"carType":1},{"position":{"x":430.5,"y":279.0},"carType":1}],"logPositions":[{"x":-76.0,"y":130.0},{"x":182.5,"y":100.0},{"x":246.0,"y":70.0}],"savedFrogPositions":[{"x":313.5,"y":40.0}],"numLives":3,"topTunnelLight":false,"bottomTunnelLight":false}],"sasrStrings":["77777667776677777\n\r\n77777777774444777\n\r\n77777777777444477\n\r\n77744447777777777\n\r\n55555555555555555\n\r\n1111111bb11111111\n\r\n11111111111111133\n\r\n11111111111bb1111\n\r\n111111ttttt331111\n\r\n1111111bb11111111\n\r\n11111111331111111\n\r\n1111bb11111111111\n\r\n55555555525555555\n\r\n88888888888888888\n\r\n3\n\r\n77777667776677777\n\r\n77777777774444777\n\r\n77777777777444477\n\r\n77744447777777777\n\r\n55555555555555555\n\r\n1111111bb11111111\n\r\n11111111111111133\n\r\n11111111111bb1111\n\r\n111111ttttt331111\n\r\n1111111bb11111111\n\r\n11111113311111111\n\r\n1111bb11121111111\n\r\n55555555555555555\n\r\n88888888888888888\n\r\nMoved up because there was no car infront of me. I need to get to the other side\n\r\n","77777667776677777\n\r\n77777777777777744\n\r\n77777777444477777\n\r\n77777444477777777\n\r\n55555555555555555\n\r\n11111111111bb1111\n\r\n11111111111113311\n\r\n1111111111111111b\n\r\n111111tt33ttt1111\n\r\n11111111111bb1111\n\r\n11133111111111111\n\r\n11111bb1121111111\n\r\n55555555555555555\n\r\n88888888888888888\n\r\n3\n\r\n77777667776677777\n\r\n77777777777777744\n\r\n77777777444477777\n\r\n77777444477777777\n\r\n55555555555555555\n\r\n11111111111bb1111\n\r\n11111111111113311\n\r\n1111111111111111b\n\r\n111111tt33ttt1111\n\r\n11111111111bb1111\n\r\n11133111121111111\n\r\n11111bb1111111111\n\r\n55555555555555555\n\r\n88888888888888888\n\r\nMoved up quickly to get ahead of the car in the first row. \n\r\n","77777667776677777\n\r\n77777777777777774\n\r\n77777744447777777\n\r\n77777744447777777\n\r\n55555555555555555\n\r\n1111111111111bb11\n\r\n11111111111133111\n\r\n111bbbb1111111111\n\r\n11111133999991111\n\r\n1111111111111bb11\n\r\n11111111121111113\n\r\n111111bb111111111\n\r\n55555555555555555\n\r\n88888888888888888\n\r\n3\n\r\n77777667776677777\n\r\n77777777777777774\n\r\n77777744447777777\n\r\n77777744447777777\n\r\n55555555555555555\n\r\n1111111111111bb11\n\r\n11111111111133111\n\r\n111bbbb1111111111\n\r\n11111133999991111\n\r\n1111111112111bb11\n\r\n11111111111111113\n\r\n111111bb111111111\n\r\n55555555555555555\n\r\n88888888888888888\n\r\nPLACEHOLDER PLACEHOLDER\n\r\n","77777667776677777\n\r\n77744447777777777\n\r\n77777777777777774\n\r\n77777777777444477\n\r\n55555555555555555\n\r\n111bbbb1111111111\n\r\n11111113311111111\n\r\nbbbb1111111111111\n\r\n11111199999991113\n\r\n111bbbb1121111111\n\r\n11111111111111113\n\r\n111111111111bb111\n\r\n55555555555555555\n\r\n88888888888888888\n\r\n2\n\r\n77777667776677777\n\r\n77744447777777777\n\r\n77777777777777774\n\r\n77777777777444477\n\r\n55555555555555555\n\r\n111bbbb1111111111\n\r\n11111113311111111\n\r\nbbbb1111111111111\n\r\n11111199999991113\n\r\n111bbbb1112111111\n\r\n11111111111111113\n\r\n111111111111bb111\n\r\n55555555555555555\n\r\n88888888888888888\n\r\nThere's a car coming towards me. I'm trying to get out of the way. \n\r\n","77777667776677777\n\r\n77774444777777777\n\r\n77777777777777774\n\r\n77777777777744447\n\r\n55555555555555555\n\r\n1111bbbb111111111\n\r\n11111133111111111\n\r\nbbbb1111111111111\n\r\n111111ttttttt1333\n\r\n1111bbbb112111111\n\r\n11111111111111113\n\r\n1111111111111bb11\n\r\n55555555555555555\n\r\n88888888888888888\n\r\n4\n\r\n77777667776677777\n\r\n77774444777777777\n\r\n77777777777777774\n\r\n77777777777744447\n\r\n55555555555555555\n\r\n1111bbbb111111111\n\r\n11111133111111111\n\r\nbbbb1111111111111\n\r\n111111ttttttt1333\n\r\n1111bbbb111111111\n\r\n11111111112111113\n\r\n1111111111111bb11\n\r\n55555555555555555\n\r\n88888888888888888\n\r\nMoved down to avoid getting hit by the car in the third lane. Still need to get around the tunnel\n\r\n","77777667776677777\n\r\n77777777744447777\n\r\n77777777777777774\n\r\n77777777777777744\n\r\n55555555555555555\n\r\n111111111111bbbb1\n\r\n11133111111111111\n\r\n1bbbb111111111111\n\r\n111111t3333tt1111\n\r\n111111111111bbbb1\n\r\n11111111112111113\n\r\n111111111111111bb\n\r\n55555555555555555\n\r\n88888888888888888\n\r\n3\n\r\n77777667776677777\n\r\n77777777744447777\n\r\n77777777777777774\n\r\n77777777777777744\n\r\n55555555555555555\n\r\n111111111111bbbb1\n\r\n11133111111111111\n\r\n1bbbb111111111111\n\r\n111111t3333tt1111\n\r\n111111111121bbbb1\n\r\n11111111111111113\n\r\n111111111111111bb\n\r\n55555555555555555\n\r\n88888888888888888\n\r\nThe car in the third lane is gone, time to get around the tunnel quickly before the car comes back\n\r\n","77777667776677777\n\r\n77777777774444777\n\r\n77777777777777774\n\r\n77777777777777774\n\r\n55555555555555555\n\r\n11111111111111bbb\n\r\n11331111111111111\n\r\n1bbbb111111111111\n\r\n11113333999991111\n\r\n11111111112111bbb\n\r\n11111111111111113\n\r\n1111111111111111b\n\r\n55555555555555555\n\r\n88888888888888888\n\r\n2\n\r\n77777667776677777\n\r\n77777777774444777\n\r\n77777777777777774\n\r\n77777777777777774\n\r\n55555555555555555\n\r\n11111111111111bbb\n\r\n11331111111111111\n\r\n1bbbb111111111111\n\r\n11113333999991111\n\r\n11111111111211bbb\n\r\n11111111111111113\n\r\n1111111111111111b\n\r\n55555555555555555\n\r\n88888888888888888\n\r\nTrying to get around the tunnel. \n\r\n","77777667776677777\n\r\n77777777777444477\n\r\n77777777777777774\n\r\n77777777777777774\n\r\n55555555555555555\n\r\n1111111111111111b\n\r\n13311111111111111\n\r\n11bbbb11111111111\n\r\n11133339999991111\n\r\n1111111111121111b\n\r\n11111111111111113\n\r\n1111111111111111b\n\r\n55555555555555555\n\r\n88888888888888888\n\r\n2\n\r\n77777667776677777\n\r\n77777777777444477\n\r\n77777777777777774\n\r\n77777777777777774\n\r\n55555555555555555\n\r\n1111111111111111b\n\r\n13311111111111111\n\r\n11bbbb11111111111\n\r\n11133339999991111\n\r\n1111111111112111b\n\r\n11111111111111113\n\r\n1111111111111111b\n\r\n55555555555555555\n\r\n88888888888888888\n\r\nMoved right to get around the tunnel\n\r\n","77777667776677777\n\r\n77777777777744447\n\r\n77777777777777774\n\r\n77777777777777774\n\r\n55555555555555555\n\r\n1111111111111111b\n\r\n13311111111111111\n\r\n11bbbb11111111111\n\r\n13333199999991111\n\r\n1111111111112111b\n\r\n11111111111111113\n\r\n1111111111111111b\n\r\n55555555555555555\n\r\n88888888888888888\n\r\n2\n\r\n77777667776677777\n\r\n77777777777744447\n\r\n77777777777777774\n\r\n77777777777777774\n\r\n55555555555555555\n\r\n1111111111111111b\n\r\n13311111111111111\n\r\n11bbbb11111111111\n\r\n13333199999991111\n\r\n1111111111111211b\n\r\n11111111111111113\n\r\n1111111111111111b\n\r\n55555555555555555\n\r\n88888888888888888\n\r\nMoved right. I've gotten around the tunnel\n\r\n","77777667776677777\n\r\n77777777777774444\n\r\n77777777777777744\n\r\n77777777777777774\n\r\n55555555555555555\n\r\n1bb11111111111111\n\r\n33111111111111111\n\r\n11bbbb11111111111\n\r\n11111199999991113\n\r\n1bb11111111112111\n\r\n11111111111111113\n\r\n1111111111111111b\n\r\n55555555555555555\n\r\n88888888888888888\n\r\n3\n\r\n77777667776677777\n\r\n77777777777774444\n\r\n77777777777777744\n\r\n77777777777777774\n\r\n55555555555555555\n\r\n1bb11111111111111\n\r\n33111111111111111\n\r\n11bbbb11111111111\n\r\n11111199999992113\n\r\n1bb11111111111111\n\r\n11111111111111113\n\r\n1111111111111111b\n\r\n55555555555555555\n\r\n88888888888888888\n\r\nMoved up quickly to get to the other side of the tunnel before the blue car gets to me\n\r\n","77777667776677777\n\r\n77777777777774444\n\r\n77777777777777744\n\r\n77777777777777774\n\r\n55555555555555555\n\r\nbb111111111111111\n\r\n11111111111111113\n\r\n11bbbb11111111111\n\r\n11111199999992113\n\r\nbb111111111111111\n\r\n11111111111111113\n\r\n111bbbb1111111111\n\r\n55555555555555555\n\r\n88888888888888888\n\r\n3\n\r\n77777667776677777\n\r\n77777777777777444\n\r\n77777777777777744\n\r\n77777777777777774\n\r\n55555555555555555\n\r\nbb111111111111111\n\r\n11111111111111113\n\r\n11bbbb11111112111\n\r\n11111199999991113\n\r\nbb111111111111111\n\r\n11111111111111113\n\r\n111bbbb1111111111\n\r\n55555555555555555\n\r\n88888888888888888\n\r\nMoved up quickly to get ahead of the blue car in the fourth lane\n\r\n","77777667776677777\n\r\n77777777777777774\n\r\n77777777777777444\n\r\n44477777777777777\n\r\n55555555555555555\n\r\n11111111bb1111111\n\r\n11111111111111113\n\r\n1111bbbb111112111\n\r\n111111tttt33t1111\n\r\n11111111bb1111111\n\r\n11111111111111133\n\r\n1bbbb111111111111\n\r\n55555555555555555\n\r\n88888888888888888\n\r\n2\n\r\n77777667776677777\n\r\n77777777777777774\n\r\n77777777777777444\n\r\n44477777777777777\n\r\n55555555555555555\n\r\n11111111bb1111111\n\r\n11111111111111113\n\r\n1111bbbb111111211\n\r\n111111tttt33t1111\n\r\n11111111bb1111111\n\r\n11111111111111133\n\r\n1bbbb111111111111\n\r\n55555555555555555\n\r\n88888888888888888\n\r\nI'm trying to get around the blue car infront of me. Need to get around it before the red car gets to me!\n\r\n","77777667776677777\n\r\n44447777777777777\n\r\n77777777777744447\n\r\n77444477777777777\n\r\n55555555555555555\n\r\n1111111111111111b\n\r\n11111111111111333\n\r\n11111bbbb11111211\n\r\n11133199999991111\n\r\n1111111111111111b\n\r\n11111111111111333\n\r\n11111bbbb11111111\n\r\n55555555555555555\n\r\n88888888888888888\n\r\n2\n\r\n77777667776677777\n\r\n44447777777777777\n\r\n77777777777744447\n\r\n77444477777777777\n\r\n55555555555555555\n\r\n1111111111111111b\n\r\n11111111111111333\n\r\n11111bbbb11111121\n\r\n11133199999991111\n\r\n1111111111111111b\n\r\n11111111111111333\n\r\n11111bbbb11111111\n\r\n55555555555555555\n\r\n88888888888888888\n\r\nI've moved around the blue car. Need to move up now. \n\r\n","77777667776677777\n\r\n74444777777777777\n\r\n77777777777744447\n\r\n77744447777777777\n\r\n55555555555555555\n\r\n1111111111111111b\n\r\n11111111111113333\n\r\n11111bbbb11111121\n\r\n13311199999991111\n\r\n1111111111111111b\n\r\n11111111111113333\n\r\n111111bbbb1111111\n\r\n55555555555555555\n\r\n88888888888888888\n\r\n3\n\r\n77777667776677777\n\r\n74444777777777777\n\r\n77777777777744447\n\r\n77774444777777777\n\r\n55555555555555555\n\r\n1111111111111111b\n\r\n11111111111113323\n\r\n11111bbbb11111111\n\r\n33111199999991111\n\r\n1111111111111111b\n\r\n11111111111113333\n\r\n111111bbbb1111111\n\r\n55555555555555555\n\r\n88888888888888888\n\r\nMoved up behind the blue car. There was nothing in my way. \n\r\n","77777667776677777\n\r\n77444477777777777\n\r\n77777777777744447\n\r\n77777444477777777\n\r\n55555555555555555\n\r\n111bbbb1111111111\n\r\n11111111111133321\n\r\n111111bbbb1111111\n\r\n11111199999991113\n\r\n111bbbb1111111111\n\r\n11111111111113333\n\r\n1111111bbbb111111\n\r\n55555555555555555\n\r\n88888888888888888\n\r\n3\n\r\n77777667776677777\n\r\n77444477777777777\n\r\n77777777777744447\n\r\n77777444477777777\n\r\n55555555555555555\n\r\n111bbbb1111111121\n\r\n11111111111133331\n\r\n111111bbbb1111111\n\r\n11111199999991113\n\r\n111bbbb1111111111\n\r\n11111111111113333\n\r\n1111111bbbb111111\n\r\n55555555555555555\n\r\n88888888888888888\n\r\nI see an open path to the safe zone. I need to get there quickly !\n\r\n","77777667776677777\n\r\n77774444777777777\n\r\n77777777777444477\n\r\n77777744447777777\n\r\n55555555555555555\n\r\n111bbbb1111111121\n\r\n11111111113333111\n\r\n111111bbbb1111111\n\r\n11111199999991113\n\r\n111bbbb1111111111\n\r\n11111111111133331\n\r\n11111111bbbb11111\n\r\n55555555555555555\n\r\n88888888888888888\n\r\n3\n\r\n77777667776677777\n\r\n77774444777777777\n\r\n77777777777444477\n\r\n77777744447777777\n\r\n55555555555555525\n\r\n111bbbb1111111111\n\r\n11111111113333111\n\r\n111111bbbb1111111\n\r\n11111199999991113\n\r\n111bbbb1111111111\n\r\n11111111111133331\n\r\n11111111bbbb11111\n\r\n55555555555555555\n\r\n88888888888888888\n\r\nYes! I moved up into the first safe zone. I'm half way there\n\r\n","77777667776677777\n\r\n77777744447777777\n\r\n77777777777444477\n\r\n77777774444777777\n\r\n55555555555555525\n\r\n11bbbb11111111111\n\r\n11111111133331111\n\r\n1111111bbbb111111\n\r\n11111199999991113\n\r\n11bbbb11111111111\n\r\n11111111111133331\n\r\n1111111111bbbb111\n\r\n55555555555555555\n\r\n88888888888888888\n\r\n1\n\r\n77777667776677777\n\r\n77777744447777777\n\r\n77777777777444477\n\r\n77777774444777777\n\r\n55555555555555255\n\r\n11bbbb11111111111\n\r\n11111111133331111\n\r\n1111111bbbb111111\n\r\n11111199999991113\n\r\n11bbbb11111111111\n\r\n11111111111133331\n\r\n1111111111bbbb111\n\r\n55555555555555555\n\r\n88888888888888888\n\r\nMoved left to get in position to get onto the logs infront of me\n\r\n","77777667776677777\n\r\n77777777444477777\n\r\n77777777774444777\n\r\n77777777744447777\n\r\n55555555555555255\n\r\n11bbbb11111111111\n\r\n11111111333311111\n\r\n1111111bbbb111111\n\r\n11111199999991113\n\r\n11bbbb11111111111\n\r\n11111111111333311\n\r\n11111111111bbbb11\n\r\n55555555555555555\n\r\n88888888888888888\n\r\n1\n\r\n77777667776677777\n\r\n77777777444477777\n\r\n77777777774444777\n\r\n77777777744447777\n\r\n55555555555552555\n\r\n11bbbb11111111111\n\r\n11111111333311111\n\r\n1111111bbbb111111\n\r\n11111199999991113\n\r\n11bbbb11111111111\n\r\n11111111111333311\n\r\n11111111111bbbb11\n\r\n55555555555555555\n\r\n88888888888888888\n\r\nMoved left to get in position to get onto the logs infront of me\n\r\n","77777667776677777\n\r\n77777777774444777\n\r\n77777777774444777\n\r\n77777777777444477\n\r\n55555555555552555\n\r\n1bbbb111111111111\n\r\n11111133331111111\n\r\n11111111bbbb11111\n\r\n11111199999991113\n\r\n1bbbb111111111111\n\r\n11111111111333311\n\r\n1111111111111bbbb\n\r\n55555555555555555\n\r\n88888888888888888\n\r\n3\n\r\n77777667776677777\n\r\n77777777774444777\n\r\n77777777774444777\n\r\n77777777777442477\n\r\n55555555555555555\n\r\n1bbbb111111111111\n\r\n11111133331111111\n\r\n11111111bbbb11111\n\r\n11111199999991113\n\r\n1bbbb111111111111\n\r\n11111111111333311\n\r\n1111111111111bbbb\n\r\n55555555555555555\n\r\n88888888888888888\n\r\nJumped onto the log infront of me. I need to get off this log quickly!\n\r\n","77777667776677777\n\r\n77777777777744447\n\r\n77777777744447777\n\r\n77777777777744247\n\r\n55555555555555555\n\r\n1bbbb111111111111\n\r\n11111333311111111\n\r\n11111111bbbb11111\n\r\n11111199999991113\n\r\n1bbbb111111111111\n\r\n11111111113333111\n\r\n11111111111111bbb\n\r\n55555555555555555\n\r\n88888888888888888\n\r\n1\n\r\n77777667776677777\n\r\n77777777777744447\n\r\n77777777744447777\n\r\n77777777777742447\n\r\n55555555555555555\n\r\n1bbbb111111111111\n\r\n11113333111111111\n\r\n11111111bbbb11111\n\r\n11111199999991113\n\r\n1bbbb111111111111\n\r\n11111111113333111\n\r\n11111111111111bbb\n\r\n55555555555555555\n\r\n88888888888888888\n\r\nMoved left to stall time, and see if the second log gets to me in time. \n\r\n","77777667776677777\n\r\n77777777777777444\n\r\n77777777744447777\n\r\n77777777777774244\n\r\n55555555555555555\n\r\nbbbb1111111111111\n\r\n11133331111111111\n\r\n111111111bbbb1111\n\r\n11111199999991113\n\r\nbbbb1111111111111\n\r\n11111111113333111\n\r\n111111111111111bb\n\r\n55555555555555555\n\r\n88888888888888888\n\r\n1\n\r\n77777667776677777\n\r\n77777777777777444\n\r\n77777777744447777\n\r\n77777777777772444\n\r\n55555555555555555\n\r\nbbbb1111111111111\n\r\n11133331111111111\n\r\n111111111bbbb1111\n\r\n11111199999991113\n\r\nbbbb1111111111111\n\r\n11111111113333111\n\r\n111111111111111bb\n\r\n55555555555555555\n\r\n88888888888888888\n\r\nMoved left to stall time, and see if the second log gets to me in time. \n\r\n","77777667776677777\n\r\n77777777777777774\n\r\n77777777444477777\n\r\n77777777777777772\n\r\n55555555555555555\n\r\nbbbb1111111111111\n\r\n11111111111111113\n\r\n1111111111bbbb111\n\r\n11111199999991113\n\r\nbbbb1111111111111\n\r\n11111111133331111\n\r\n1bb11111111111111\n\r\n55555555555555555\n\r\n88888888888888888\n\r\n4\n\r\n77777667776677777\n\r\n77777777777777774\n\r\n77777777444477777\n\r\n77777777777777774\n\r\n55555555555555552\n\r\nbbbb1111111111111\n\r\n11111111111111113\n\r\n1111111111bbbb111\n\r\n11111199999991113\n\r\nbbbb1111111111111\n\r\n11111111133331111\n\r\n1bb11111111111111\n\r\n55555555555555555\n\r\n88888888888888888\n\r\nThe first log was about to move off the screen so I moved back into the safe zone. \n\r\n","77777667776677777\n\r\n47777777777777777\n\r\n77777774444777777\n\r\n77777777777777774\n\r\n55555555555555552\n\r\n1bbbb111111111111\n\r\n11111111111111113\n\r\n1111111111bbbb111\n\r\n11111199999991113\n\r\n1bbbb111111111111\n\r\n11111111333311111\n\r\n1bb11111111111111\n\r\n55555555555555555\n\r\n88888888888888888\n\r\n1\n\r\n77777667776677777\n\r\n47777777777777777\n\r\n77777774444777777\n\r\n77777777777777774\n\r\n55555555555555552\n\r\n1bbbb111111111111\n\r\n11111111111111113\n\r\n1111111111bbbb111\n\r\n11111199999991113\n\r\n1bbbb111111111111\n\r\n11111111333311111\n\r\n1bb11111111111111\n\r\n55555555555555555\n\r\n88888888888888888\n\r\nMoved left to get in position again. \n\r\n","77777667776677777\n\r\n47777777777777777\n\r\n77777774444777777\n\r\n47777777777777777\n\r\n55555555555555552\n\r\n1bbbb111111111111\n\r\n11111111111111113\n\r\n11111111111bbbb11\n\r\n11111199999991113\n\r\n1bbbb111111111111\n\r\n11111111333311111\n\r\n11bb1111111111111\n\r\n55555555555555555\n\r\n88888888888888888\n\r\n1\n\r\n77777667776677777\n\r\n47777777777777777\n\r\n77777774444777777\n\r\n47777777777777777\n\r\n55555555555555525\n\r\n1bbbb111111111111\n\r\n11111111111111113\n\r\n11111111111bbbb11\n\r\n11111199999991113\n\r\n1bbbb111111111111\n\r\n11111111333311111\n\r\n11bb1111111111111\n\r\n55555555555555555\n\r\n88888888888888888\n\r\nStill trying to get into position. \n\r\n","77777667776677777\n\r\n47777777777777777\n\r\n77777774444777777\n\r\n47777777777777777\n\r\n55555555555555525\n\r\n1bbbb111111111111\n\r\n11111111111111113\n\r\n11111111111bbbb11\n\r\n11111199999991113\n\r\n1bbbb111111111111\n\r\n11111111333311111\n\r\n111bb111111111111\n\r\n55555555555555555\n\r\n88888888888888888\n\r\n1\n\r\n77777667776677777\n\r\n47777777777777777\n\r\n77777774444777777\n\r\n47777777777777777\n\r\n55555555555555255\n\r\n1bbbb111111111111\n\r\n11111111111111113\n\r\n11111111111bbbb11\n\r\n11111199999991113\n\r\n1bbbb111111111111\n\r\n11111111333311111\n\r\n111bb111111111111\n\r\n55555555555555555\n\r\n88888888888888888\n\r\nStill trying to get into position. \n\r\n","77777667776677777\n\r\n47777777777777777\n\r\n77777744447777777\n\r\n44477777777777777\n\r\n55555555555555255\n\r\n11bbbb11111111111\n\r\n11111111111111133\n\r\n11111111111bbbb11\n\r\n11111199999991113\n\r\n11bbbb11111111111\n\r\n11111113333111111\n\r\n1111bb11111111111\n\r\n55555555555555555\n\r\n88888888888888888\n\r\n1\n\r\n77777667776677777\n\r\n47777777777777777\n\r\n77777744447777777\n\r\n44477777777777777\n\r\n55555555555552555\n\r\n11bbbb11111111111\n\r\n11111111111111133\n\r\n11111111111bbbb11\n\r\n11111199999991113\n\r\n11bbbb11111111111\n\r\n11111113333111111\n\r\n1111bb11111111111\n\r\n55555555555555555\n\r\n88888888888888888\n\r\nStill trying to get into position. \n\r\n","77777667776677777\n\r\n47777777777777777\n\r\n77777744447777777\n\r\n44447777777777777\n\r\n55555555555552555\n\r\n11bbbb11111111111\n\r\n11111111111111331\n\r\n11111111111bbbb11\n\r\n11111199999991113\n\r\n11bbbb11111111111\n\r\n11111113333111111\n\r\n11111bb1111111111\n\r\n55555555555555555\n\r\n88888888888888888\n\r\n1\n\r\n77777667776677777\n\r\n47777777777777777\n\r\n77777744447777777\n\r\n44447777777777777\n\r\n55555555555525555\n\r\n11bbbb11111111111\n\r\n11111111111113311\n\r\n11111111111bbbb11\n\r\n11111199999991113\n\r\n11bbbb11111111111\n\r\n11111113333111111\n\r\n11111bb1111111111\n\r\n55555555555555555\n\r\n88888888888888888\n\r\nStill trying to get into position. \n\r\n","77777667776677777\n\r\n44447777777777777\n\r\n77774444777777777\n\r\n77777777744447777\n\r\n55555555555525555\n\r\n1111bbbb111111111\n\r\n11113311111111111\n\r\n11111111111111bbb\n\r\n111111ttttttt1333\n\r\n1111bbbb111111111\n\r\n11111333311111111\n\r\n111111111111111bb\n\r\n55555555555555555\n\r\n88888888888888888\n\r\n3\n\r\n77777667776677777\n\r\n44447777777777777\n\r\n77774444777777777\n\r\n77777777744427777\n\r\n55555555555555555\n\r\n1111bbbb111111111\n\r\n11113311111111111\n\r\n11111111111111bbb\n\r\n111111ttttttt1333\n\r\n1111bbbb111111111\n\r\n11111333311111111\n\r\n111111111111111bb\n\r\n55555555555555555\n\r\n88888888888888888\n\r\nJumped onto the first log. Hopefully this time I'll be able to jump onto the second log\n\r\n","77777667776677777\n\r\n44447777777777777\n\r\n77744447777777777\n\r\n77777777774442777\n\r\n55555555555555555\n\r\n11111bbbb11111111\n\r\n11331111111111111\n\r\n11111111111111bbb\n\r\n111111ttttttt1333\n\r\n11111bbbb11111111\n\r\n11113333111111111\n\r\n1111111111111111b\n\r\n55555555555555555\n\r\n88888888888888888\n\r\n1\n\r\n77777667776677777\n\r\n44447777777777777\n\r\n77744447777777777\n\r\n77777777777424477\n\r\n55555555555555555\n\r\n11111bbbb11111111\n\r\n11331111111111111\n\r\n11111111111111bbb\n\r\n111111ttttttt1333\n\r\n11111bbbb11111111\n\r\n11113333111111111\n\r\n1111111111111111b\n\r\n55555555555555555\n\r\n88888888888888888\n\r\nMoved left to stall for time. It doesn't look like I'll be getting onto the second log. \n\r\n","77777667776677777\n\r\n44447777777777777\n\r\n77744447777777777\n\r\n77777777777742447\n\r\n55555555555555555\n\r\n11111bbbb11111111\n\r\n13311111111111111\n\r\n111111111111111bb\n\r\n111111ttttttt3333\n\r\n11111bbbb11111111\n\r\n11113333111111111\n\r\n1111111111111111b\n\r\n55555555555555555\n\r\n88888888888888888\n\r\n4\n\r\n77777667776677777\n\r\n44447777777777777\n\r\n77744447777777777\n\r\n77777777777744447\n\r\n55555555555552555\n\r\n11111bbbb11111111\n\r\n13311111111111111\n\r\n111111111111111bb\n\r\n111111ttttttt3333\n\r\n11111bbbb11111111\n\r\n11113333111111111\n\r\n1111111111111111b\n\r\n55555555555555555\n\r\n88888888888888888\n\r\nI'm not going to be able to get onto the second log, so I moved down to get back in position. \n\r\n","77777667776677777\n\r\n44447777777777777\n\r\n77744447777777777\n\r\n77777777777774444\n\r\n55555555555552555\n\r\n11111bbbb11111111\n\r\n33111111111111111\n\r\n111111111111111bb\n\r\n111111ttttttt3333\n\r\n11111bbbb11111111\n\r\n11113333111111111\n\r\n1111111111111111b\n\r\n55555555555555555\n\r\n88888888888888888\n\r\n1\n\r\n77777667776677777\n\r\n44447777777777777\n\r\n77744447777777777\n\r\n77777777777774444\n\r\n55555555555525555\n\r\n11111bbbb11111111\n\r\n11111111111111113\n\r\n111111111111111bb\n\r\n111111ttttttt3333\n\r\n11111bbbb11111111\n\r\n11113333111111111\n\r\n111bbbb1111111111\n\r\n55555555555555555\n\r\n88888888888888888\n\r\nMoved left to get in position. \n\r\n","77777667776677777\n\r\n74444777777777777\n\r\n77444477777777777\n\r\n77777777777777444\n\r\n55555555555525555\n\r\n111111bbbb1111111\n\r\n11111111111111113\n\r\n111111111111111bb\n\r\n111111ttttttt3333\n\r\n111111bbbb1111111\n\r\n11133331111111111\n\r\n1bbbb111111111111\n\r\n55555555555555555\n\r\n88888888888888888\n\r\n1\n\r\n77777667776677777\n\r\n74444777777777777\n\r\n77444477777777777\n\r\n77777777777777444\n\r\n55555555555255555\n\r\n111111bbbb1111111\n\r\n11111111111111113\n\r\n111111111111111bb\n\r\n111111ttttttt3333\n\r\n111111bbbb1111111\n\r\n11133331111111111\n\r\n1bbbb111111111111\n\r\n55555555555555555\n\r\n88888888888888888\n\r\nMoved left to get in position. \n\r\n","77777667776677777\n\r\n74444777777777777\n\r\n77444477777777777\n\r\n77777777777777774\n\r\n55555555555255555\n\r\n111111bbbb1111111\n\r\n11111111111111113\n\r\n1111111111111111b\n\r\n111111tttttt33331\n\r\n111111bbbb1111111\n\r\n11133331111111111\n\r\nbbbb1111111111111\n\r\n55555555555555555\n\r\n88888888888888888\n\r\n1\n\r\n77777667776677777\n\r\n74444777777777777\n\r\n77444477777777777\n\r\n77777777777777774\n\r\n55555555552555555\n\r\n111111bbbb1111111\n\r\n11111111111111113\n\r\n1111111111111111b\n\r\n111111tttttt33331\n\r\n111111bbbb1111111\n\r\n11133331111111111\n\r\nbbbb1111111111111\n\r\n55555555555555555\n\r\n88888888888888888\n\r\nMoved left to get in position. \n\r\n","77777667776677777\n\r\n74444777777777777\n\r\n77444477777777777\n\r\n77777777777777774\n\r\n55555555552555555\n\r\n111111bbbb1111111\n\r\n11111111111111113\n\r\n1111111111111111b\n\r\n111111tttttt33331\n\r\n111111bbbb1111111\n\r\n11133331111111111\n\r\n1bbbb111111111111\n\r\n55555555555555555\n\r\n88888888888888888\n\r\n1\n\r\n77777667776677777\n\r\n74444777777777777\n\r\n77444477777777777\n\r\n77777777777777774\n\r\n55555555525555555\n\r\n111111bbbb1111111\n\r\n11111111111111113\n\r\n1111111111111111b\n\r\n111111tttttt33331\n\r\n111111bbbb1111111\n\r\n11133331111111111\n\r\n1bbbb111111111111\n\r\n55555555555555555\n\r\n88888888888888888\n\r\nMoved left to get in position. \n\r\n","77777667776677777\n\r\n74444777777777777\n\r\n74444777777777777\n\r\n77777777777777774\n\r\n55555555525555555\n\r\n1111111bbbb111111\n\r\n11111111111111113\n\r\n1111111111111111b\n\r\n111111tttttt33331\n\r\n1111111bbbb111111\n\r\n11133331111111111\n\r\n11bbbb11111111111\n\r\n55555555555555555\n\r\n88888888888888888\n\r\n1\n\r\n77777667776677777\n\r\n74444777777777777\n\r\n74444777777777777\n\r\n77777777777777774\n\r\n55555555255555555\n\r\n1111111bbbb111111\n\r\n11111111111111113\n\r\n1111111111111111b\n\r\n111111tttttt33331\n\r\n1111111bbbb111111\n\r\n11133331111111111\n\r\n11bbbb11111111111\n\r\n55555555555555555\n\r\n88888888888888888\n\r\nMoved left to get in position. \n\r\n","77777667776677777\n\r\n77444477777777777\n\r\n74444777777777777\n\r\n77777777777777777\n\r\n55555555255555555\n\r\n1111111bbbb111111\n\r\n11111111111111133\n\r\n1111111111111111b\n\r\n111111tttttt33331\n\r\n1111111bbbb111111\n\r\n11333311111111111\n\r\n1111bbbb111111111\n\r\n55555555555555555\n\r\n88888888888888888\n\r\n1\n\r\n77777667776677777\n\r\n77444477777777777\n\r\n74444777777777777\n\r\n77777777777777777\n\r\n55555552555555555\n\r\n1111111bbbb111111\n\r\n11111111111111333\n\r\n1111111111111111b\n\r\n111111tttttt33331\n\r\n1111111bbbb111111\n\r\n11333311111111111\n\r\n1111bbbb111111111\n\r\n55555555555555555\n\r\n88888888888888888\n\r\nI'm going to go as far left as posible cause I need to be on the left to be in a good position to get on the second log. \n\r\n","77777667776677777\n\r\n77444477777777777\n\r\n74444777777777777\n\r\n47777777777777777\n\r\n55555552555555555\n\r\n1111111bbbb111111\n\r\n11111111111113333\n\r\n1111111111111111b\n\r\n111111ttttt333311\n\r\n1111111bbbb111111\n\r\n11333311111111111\n\r\n111111bbbb1111111\n\r\n55555555555555555\n\r\n88888888888888888\n\r\n1\n\r\n77777667776677777\n\r\n77444477777777777\n\r\n74444777777777777\n\r\n47777777777777777\n\r\n55555525555555555\n\r\n1111111bbbb111111\n\r\n11111111111113333\n\r\n1111111111111111b\n\r\n111111ttttt333311\n\r\n1111111bbbb111111\n\r\n11333311111111111\n\r\n111111bbbb1111111\n\r\n55555555555555555\n\r\n88888888888888888\n\r\nStill moving left. \n\r\n","77777667776677777\n\r\n77744447777777777\n\r\n44447777777777777\n\r\n44777777777777777\n\r\n55555525555555555\n\r\n111111111bbbb1111\n\r\n11111133331111111\n\r\n1111111111111111b\n\r\n111111tttt3333111\n\r\n111111111bbbb1111\n\r\n13333111111111111\n\r\n111111111111bbbb1\n\r\n55555555555555555\n\r\n88888888888888888\n\r\n1\n\r\n77777667776677777\n\r\n77744447777777777\n\r\n44447777777777777\n\r\n44777777777777777\n\r\n55555255555555555\n\r\n111111111bbbb1111\n\r\n11111133331111111\n\r\n1111111111111111b\n\r\n111111tttt3333111\n\r\n111111111bbbb1111\n\r\n13333111111111111\n\r\n111111111111bbbb1\n\r\n55555555555555555\n\r\n88888888888888888\n\r\nStill moving left. \n\r\n","77777667776677777\n\r\n77774444777777777\n\r\n44447777777777777\n\r\n44777777777777777\n\r\n55555255555555555\n\r\n111111111bbbb1111\n\r\n11113333111111111\n\r\n1bb11111111111111\n\r\n111111ttt33331111\n\r\n111111111bbbb1111\n\r\n11111111111111113\n\r\n111111111111111bb\n\r\n55555555555555555\n\r\n88888888888888888\n\r\n1\n\r\n77777667776677777\n\r\n77774444777777777\n\r\n44447777777777777\n\r\n44777777777777777\n\r\n55552555555555555\n\r\n111111111bbbb1111\n\r\n11113333111111111\n\r\n1bb11111111111111\n\r\n111111ttt33331111\n\r\n111111111bbbb1111\n\r\n11111111111111113\n\r\n111111111111111bb\n\r\n55555555555555555\n\r\n88888888888888888\n\r\nStill moving left. \n\r\n","77777667776677777\n\r\n77777777444477777\n\r\n77777777777777777\n\r\n74444777777777777\n\r\n55552555555555555\n\r\n1111111111111bbbb\n\r\n11133111111111111\n\r\n11111bb1111111111\n\r\n11111133339991111\n\r\n1111111111111bbbb\n\r\n11111111111113311\n\r\n111111111111111bb\n\r\n55555555555555555\n\r\n88888888888888888\n\r\n8\n\r\n77777667776677777\n\r\n77777777444477777\n\r\n77777777777777777\n\r\n74444777777777777\n\r\n55552555555555555\n\r\n1111111111111bbbb\n\r\n11133111111111111\n\r\n11111bb1111111111\n\r\n11111133339991111\n\r\n1111111111111bbbb\n\r\n11111111111113311\n\r\n111111111111111bb\n\r\n55555555555555555\n\r\n88888888888888888\n\r\nWaiting for the first log to be infront of me. \n\r\n","77777667776677777\n\r\n77777777744447777\n\r\n77777777777777744\n\r\n77444477777777777\n\r\n55552555555555555\n\r\n11111111111111bbb\n\r\n11111111111111113\n\r\n1111111bb11111111\n\r\n11111333399991111\n\r\n11111111111111bbb\n\r\n11111111111331111\n\r\n111bbbb1111111111\n\r\n55555555555555555\n\r\n88888888888888888\n\r\n3\n\r\n77777667776677777\n\r\n77777777744447777\n\r\n77777777777777744\n\r\n77442477777777777\n\r\n55555555555555555\n\r\n11111111111111bbb\n\r\n11111111111111113\n\r\n11111111bb1111111\n\r\n11111333399991111\n\r\n11111111111111bbb\n\r\n11111111111331111\n\r\n111bbbb1111111111\n\r\n55555555555555555\n\r\n88888888888888888\n\r\nMoved onto the first log. I'm going to be able to get onto the second log this time. \n\r\n","77777667776677777\n\r\n77777777777444477\n\r\n77777744447777777\n\r\n77774442777777777\n\r\n55555555555555555\n\r\n1111111111111111b\n\r\n11111111111111113\n\r\n111111111111bb111\n\r\n11133339999991111\n\r\n1111111111111111b\n\r\n11111113311111111\n\r\n1bbbb111111111111\n\r\n55555555555555555\n\r\n88888888888888888\n\r\n3\n\r\n77777667776677777\n\r\n77777777777444477\n\r\n77777742447777777\n\r\n77774444777777777\n\r\n55555555555555555\n\r\n1111111111111111b\n\r\n11111111111111113\n\r\n111111111111bb111\n\r\n11133339999991111\n\r\n1111111111111111b\n\r\n11111113311111111\n\r\n1bbbb111111111111\n\r\n55555555555555555\n\r\n88888888888888888\n\r\nMoved onto the second log. The next log isn't going to get to me in time!\n\r\n","77777667776677777\n\r\n77777777777444477\n\r\n77774244777777777\n\r\n77777444477777777\n\r\n55555555555555555\n\r\n1111111111111111b\n\r\n11111111111111113\n\r\n1111111111111bb11\n\r\n11333399999991111\n\r\n1111111111111111b\n\r\n11111133111111111\n\r\nbbbb1111111111111\n\r\n55555555555555555\n\r\n88888888888888888\n\r\n4\n\r\n77777667776677777\n\r\n77777777777444477\n\r\n77774444777777777\n\r\n77777244477777777\n\r\n55555555555555555\n\r\n1111111111111111b\n\r\n11111111111111113\n\r\n1111111111111bb11\n\r\n11333399999991111\n\r\n1111111111111111b\n\r\n11111133111111111\n\r\nbbbb1111111111111\n\r\n55555555555555555\n\r\n88888888888888888\n\r\nMoved back down cause the third log would not have gotten to me. \n\r\n","77777667776677777\n\r\n77777777777777744\n\r\n77777777777777774\n\r\n77777777424477777\n\r\n55555555555555555\n\r\n1bb11111111111111\n\r\n11111111111111113\n\r\n1bbbb111111111111\n\r\n11111199999991113\n\r\n1bb11111111111111\n\r\n11111111111111113\n\r\n111bbbb1111111111\n\r\n55555555555555555\n\r\n88888888888888888\n\r\n8\n\r\n77777667776677777\n\r\n77777777777777744\n\r\n77777777777777774\n\r\n77777777424477777\n\r\n55555555555555555\n\r\n1bb11111111111111\n\r\n11111111111111113\n\r\n1bbbb111111111111\n\r\n11111199999991113\n\r\n1bb11111111111111\n\r\n11111111111111113\n\r\n111bbbb1111111111\n\r\n55555555555555555\n\r\n88888888888888888\n\r\nWaiting for the second log to get to me. \n\r\n","77777667776677777\n\r\n47777777777777777\n\r\n77777777777774444\n\r\n77777777777774244\n\r\n55555555555555555\n\r\n1111111111bb11111\n\r\n11111111111333311\n\r\n111111111111bbbb1\n\r\n111111tt33ttt1111\n\r\n1111111111bb11111\n\r\n11111113333111111\n\r\n1111111bbbb111111\n\r\n55555555555555555\n\r\n88888888888888888\n\r\n3\n\r\n77777667776677777\n\r\n47777777777777777\n\r\n77777777777774244\n\r\n77777777777774444\n\r\n55555555555555555\n\r\n1111111111bb11111\n\r\n11111111111333311\n\r\n111111111111bbbb1\n\r\n111111tt33ttt1111\n\r\n1111111111bb11111\n\r\n11111133331111111\n\r\n1111111bbbb111111\n\r\n55555555555555555\n\r\n88888888888888888\n\r\nJumped onto the next log infront of me\n\r\n","77777667776677777\n\r\n77774444777777777\n\r\n77777777742447777\n\r\n77777777777777774\n\r\n55555555555555555\n\r\n1111111111111111b\n\r\n11111111333311111\n\r\n1111bb11111111111\n\r\n13311199999991111\n\r\n1111111111111111b\n\r\n11111111111111133\n\r\n11111111111bbbb11\n\r\n55555555555555555\n\r\n88888888888888888\n\r\n8\n\r\n77777667776677777\n\r\n77774444777777777\n\r\n77777777742447777\n\r\n77777777777777774\n\r\n55555555555555555\n\r\n1111111111111111b\n\r\n11111111333311111\n\r\n1111bb11111111111\n\r\n13311199999991111\n\r\n1111111111111111b\n\r\n11111111111111133\n\r\n11111111111bbbb11\n\r\n55555555555555555\n\r\n88888888888888888\n\r\nWaiting for the next third log to get in position. \n\r\n","77777667776677777\n\r\n77777744447777777\n\r\n77777777424477777\n\r\n77777777777777774\n\r\n55555555555555555\n\r\n11bbbb11111111111\n\r\n11111113333111111\n\r\n11111111bb1111111\n\r\n11111199999991113\n\r\n11bbbb11111111111\n\r\n11111111111331111\n\r\n111111111111bbbb1\n\r\n55555555555555555\n\r\n88888888888888888\n\r\n3\n\r\n77777667776677777\n\r\n77777744427777777\n\r\n77777777444477777\n\r\n77777777777777774\n\r\n55555555555555555\n\r\n11bbbb11111111111\n\r\n11111133331111111\n\r\n11111111bb1111111\n\r\n11111199999991113\n\r\n11bbbb11111111111\n\r\n11111111111331111\n\r\n111111111111bbbb1\n\r\n55555555555555555\n\r\n88888888888888888\n\r\nMoved onto the third log. I think I can make it to the goal!\n\r\n","77777667776677777\n\r\n77777777744427777\n\r\n77777774444777777\n\r\n47777777777777777\n\r\n55555555555555555\n\r\n11bbbb11111111111\n\r\n11111333311111111\n\r\n11111111111111bb1\n\r\n11111199999991113\n\r\n11bbbb11111111111\n\r\n11111331111111111\n\r\n11111111111111bbb\n\r\n55555555555555555\n\r\n88888888888888888\n\r\n3\n\r\n77777667776627777\n\r\n77777777744447777\n\r\n77777774444777777\n\r\n47777777777777777\n\r\n55555555555555555\n\r\n11bbbb11111111111\n\r\n11111333311111111\n\r\n11111111111111bb1\n\r\n11111199999991113\n\r\n11bbbb11111111111\n\r\n11111331111111111\n\r\n11111111111111bbb\n\r\n55555555555555555\n\r\n88888888888888888\n\r\nYes! I made it to the goal, I Win!\n\r\n"]}